LSOA_code,Edu_L4+
E01000001,0.832225
E01000002,0.835385
E01000003,0.700997
E01000005,0.403967
E01000006,0.349195
E01000007,0.484947
E01000008,0.319522
E01000009,0.335932
E01000011,0.3217
E01000012,0.39136
E01000013,0.276626
E01000014,0.290053
E01000015,0.320646
E01000016,0.311874
E01000017,0.297401
E01000018,0.311669
E01000019,0.311755
E01000020,0.288294
E01000021,0.297976
E01000022,0.319013
E01000024,0.300179
E01000025,0.310345
E01000027,0.255061
E01000028,0.32644
E01000029,0.318087
E01000030,0.336645
E01000031,0.356683
E01000032,0.313131
E01000033,0.265471
E01000034,0.288994
E01000035,0.305003
E01000036,0.333906
E01000037,0.299644
E01000038,0.288716
E01000039,0.3493
E01000040,0.28703
E01000041,0.31259
E01000042,0.329819
E01000043,0.331148
E01000044,0.344164
E01000045,0.307154
E01000046,0.325086
E01000049,0.331116
E01000050,0.376281
E01000051,0.541878
E01000052,0.335878
E01000053,0.281457
E01000054,0.317251
E01000055,0.282371
E01000056,0.285375
E01000057,0.31299
E01000058,0.31781
E01000059,0.274131
E01000060,0.323265
E01000061,0.307692
E01000062,0.333532
E01000063,0.297521
E01000064,0.336988
E01000065,0.283105
E01000066,0.299061
E01000067,0.344478
E01000068,0.376097
E01000069,0.316271
E01000070,0.372744
E01000071,0.377756
E01000072,0.307102
E01000073,0.299485
E01000074,0.297045
E01000075,0.316883
E01000076,0.280982
E01000077,0.273643
E01000078,0.282222
E01000079,0.304754
E01000080,0.306199
E01000081,0.294352
E01000082,0.297222
E01000083,0.264451
E01000084,0.281365
E01000085,0.28606
E01000086,0.28663
E01000087,0.296236
E01000088,0.344731
E01000089,0.320843
E01000090,0.321341
E01000091,0.333107
E01000093,0.307982
E01000094,0.472534
E01000095,0.375497
E01000096,0.337557
E01000097,0.275433
E01000098,0.289268
E01000099,0.370753
E01000100,0.280851
E01000101,0.281298
E01000102,0.271462
E01000103,0.349507
E01000104,0.335735
E01000105,0.302805
E01000106,0.322498
E01000107,0.294246
E01000108,0.315126
E01000110,0.354943
E01000111,0.30273
E01000112,0.37367
E01000113,0.348396
E01000114,0.35132
E01000115,0.484615
E01000116,0.428047
E01000117,0.416905
E01000118,0.440801
E01000119,0.481507
E01000120,0.468954
E01000121,0.336921
E01000122,0.489644
E01000123,0.482105
E01000124,0.443159
E01000126,0.396896
E01000127,0.326377
E01000128,0.374222
E01000129,0.295095
E01000130,0.330719
E01000131,0.41375
E01000132,0.310116
E01000133,0.341693
E01000134,0.369535
E01000135,0.571429
E01000136,0.620837
E01000137,0.44587
E01000138,0.443694
E01000139,0.586447
E01000140,0.576876
E01000141,0.444089
E01000142,0.46286
E01000143,0.40076
E01000144,0.54579
E01000145,0.437025
E01000146,0.588013
E01000147,0.377019
E01000150,0.430812
E01000151,0.306922
E01000152,0.505805
E01000153,0.381464
E01000154,0.461639
E01000156,0.565472
E01000157,0.524671
E01000158,0.505164
E01000159,0.476515
E01000160,0.556681
E01000161,0.46979
E01000162,0.42752
E01000163,0.394599
E01000164,0.398513
E01000165,0.47752
E01000166,0.405986
E01000167,0.357273
E01000168,0.479688
E01000169,0.484733
E01000170,0.371693
E01000171,0.431949
E01000172,0.496229
E01000173,0.475058
E01000174,0.396676
E01000175,0.486415
E01000176,0.406757
E01000177,0.657076
E01000178,0.61374
E01000179,0.647687
E01000180,0.53533
E01000181,0.692198
E01000182,0.681351
E01000183,0.595
E01000184,0.427249
E01000185,0.433198
E01000186,0.477134
E01000187,0.410215
E01000188,0.507884
E01000189,0.535582
E01000190,0.504458
E01000191,0.493724
E01000192,0.454428
E01000193,0.447451
E01000194,0.41144
E01000195,0.336634
E01000196,0.555861
E01000197,0.552878
E01000198,0.5366
E01000199,0.57154
E01000200,0.571869
E01000201,0.559805
E01000202,0.601626
E01000203,0.488451
E01000204,0.597412
E01000205,0.660668
E01000206,0.592892
E01000207,0.651515
E01000208,0.68707
E01000209,0.647819
E01000210,0.683135
E01000211,0.507246
E01000212,0.634168
E01000213,0.649464
E01000214,0.708213
E01000215,0.379818
E01000216,0.52861
E01000217,0.414791
E01000218,0.389831
E01000219,0.37483
E01000220,0.390226
E01000221,0.334604
E01000222,0.43113
E01000223,0.39295
E01000224,0.430618
E01000225,0.423852
E01000226,0.330416
E01000227,0.463235
E01000228,0.472566
E01000229,0.393328
E01000230,0.448252
E01000231,0.475036
E01000232,0.500336
E01000233,0.514812
E01000234,0.57185
E01000235,0.440134
E01000236,0.448498
E01000237,0.490612
E01000238,0.444518
E01000239,0.492916
E01000240,0.461915
E01000241,0.52371
E01000242,0.50659
E01000243,0.466973
E01000244,0.453556
E01000245,0.376408
E01000246,0.5656
E01000247,0.525238
E01000248,0.599712
E01000249,0.584356
E01000250,0.519116
E01000251,0.452626
E01000252,0.505278
E01000253,0.512563
E01000254,0.592196
E01000255,0.467249
E01000256,0.513032
E01000257,0.498797
E01000258,0.521073
E01000259,0.523195
E01000260,0.482921
E01000261,0.514187
E01000263,0.596596
E01000264,0.497591
E01000265,0.428856
E01000266,0.535654
E01000267,0.496019
E01000268,0.488835
E01000269,0.484581
E01000270,0.511905
E01000271,0.527473
E01000272,0.577796
E01000273,0.528703
E01000274,0.433703
E01000275,0.572122
E01000276,0.615519
E01000277,0.593705
E01000278,0.630298
E01000279,0.532637
E01000280,0.610564
E01000281,0.627774
E01000282,0.560606
E01000283,0.633855
E01000284,0.471572
E01000285,0.433195
E01000286,0.400583
E01000287,0.341276
E01000288,0.457302
E01000289,0.326367
E01000290,0.3849
E01000291,0.375201
E01000292,0.497259
E01000293,0.57708
E01000294,0.476126
E01000295,0.597015
E01000296,0.577369
E01000297,0.507772
E01000298,0.574286
E01000299,0.504192
E01000300,0.623112
E01000301,0.648021
E01000302,0.496281
E01000303,0.595781
E01000304,0.594574
E01000305,0.433866
E01000306,0.388326
E01000307,0.381997
E01000308,0.530045
E01000309,0.508197
E01000310,0.439802
E01000311,0.498339
E01000312,0.367515
E01000313,0.426658
E01000314,0.492611
E01000315,0.338837
E01000316,0.485319
E01000317,0.55836
E01000318,0.456774
E01000319,0.582569
E01000320,0.552387
E01000321,0.534629
E01000322,0.499658
E01000323,0.451226
E01000324,0.467953
E01000325,0.283061
E01000326,0.317326
E01000327,0.295593
E01000328,0.278075
E01000329,0.331321
E01000330,0.311321
E01000331,0.271042
E01000332,0.300912
E01000333,0.282768
E01000334,0.27803
E01000335,0.390853
E01000336,0.335806
E01000337,0.330585
E01000338,0.361717
E01000339,0.265686
E01000340,0.266876
E01000341,0.235524
E01000342,0.245783
E01000343,0.24855
E01000344,0.278295
E01000345,0.273646
E01000346,0.251366
E01000347,0.225754
E01000348,0.322159
E01000349,0.320522
E01000350,0.27686
E01000351,0.269406
E01000352,0.235294
E01000353,0.281385
E01000354,0.276144
E01000355,0.263629
E01000356,0.326547
E01000357,0.339556
E01000358,0.335541
E01000359,0.304843
E01000360,0.322023
E01000361,0.301575
E01000362,0.329766
E01000363,0.339428
E01000364,0.327434
E01000365,0.322767
E01000366,0.395881
E01000367,0.293977
E01000368,0.261182
E01000369,0.283668
E01000370,0.305792
E01000371,0.283501
E01000372,0.296325
E01000373,0.390969
E01000374,0.28133
E01000375,0.347747
E01000376,0.290598
E01000377,0.292282
E01000379,0.304064
E01000380,0.251182
E01000381,0.257232
E01000382,0.344288
E01000383,0.286816
E01000384,0.354539
E01000385,0.264646
E01000386,0.274062
E01000387,0.318999
E01000388,0.337388
E01000389,0.373468
E01000390,0.309057
E01000391,0.273715
E01000392,0.359009
E01000393,0.343797
E01000394,0.342282
E01000395,0.318979
E01000396,0.299655
E01000398,0.243077
E01000399,0.31371
E01000400,0.322506
E01000401,0.2814
E01000402,0.285141
E01000403,0.311135
E01000404,0.385706
E01000405,0.33162
E01000406,0.393237
E01000407,0.365194
E01000408,0.318182
E01000409,0.282276
E01000410,0.302469
E01000411,0.243021
E01000412,0.309025
E01000413,0.248865
E01000414,0.339204
E01000415,0.319546
E01000416,0.361686
E01000417,0.363899
E01000418,0.367387
E01000419,0.273532
E01000420,0.277958
E01000421,0.25605
E01000422,0.374872
E01000423,0.325153
E01000424,0.384667
E01000425,0.328082
E01000426,0.370588
E01000427,0.314045
E01000428,0.348465
E01000429,0.347685
E01000430,0.425099
E01000431,0.332233
E01000433,0.298111
E01000434,0.233114
E01000435,0.278603
E01000436,0.277659
E01000437,0.245725
E01000438,0.275237
E01000439,0.242009
E01000440,0.271028
E01000441,0.263356
E01000442,0.25549
E01000443,0.277831
E01000444,0.361842
E01000445,0.303835
E01000446,0.291803
E01000447,0.387626
E01000448,0.355735
E01000449,0.392444
E01000450,0.287455
E01000451,0.284605
E01000452,0.290406
E01000453,0.310606
E01000454,0.302044
E01000455,0.307324
E01000456,0.312666
E01000457,0.369138
E01000458,0.362654
E01000459,0.335439
E01000460,0.412391
E01000461,0.341629
E01000462,0.32041
E01000463,0.324778
E01000464,0.362112
E01000465,0.329721
E01000466,0.399072
E01000467,0.348172
E01000468,0.446565
E01000469,0.411583
E01000470,0.301867
E01000471,0.302613
E01000472,0.424064
E01000473,0.266423
E01000474,0.24275
E01000475,0.316285
E01000476,0.26612
E01000477,0.231506
E01000478,0.317484
E01000479,0.468685
E01000480,0.51457
E01000481,0.444006
E01000483,0.321629
E01000484,0.32274
E01000485,0.369925
E01000486,0.483731
E01000487,0.413793
E01000488,0.428571
E01000489,0.494109
E01000490,0.567568
E01000491,0.549883
E01000492,0.521442
E01000493,0.5
E01000494,0.503383
E01000495,0.515351
E01000497,0.357423
E01000498,0.245447
E01000499,0.351071
E01000501,0.335463
E01000502,0.379683
E01000503,0.402761
E01000504,0.53218
E01000505,0.428253
E01000506,0.349772
E01000507,0.456114
E01000508,0.30076
E01000509,0.292096
E01000510,0.323394
E01000511,0.357036
E01000512,0.46274
E01000513,0.357509
E01000514,0.376777
E01000515,0.35242
E01000516,0.389209
E01000517,0.399851
E01000518,0.331864
E01000519,0.369821
E01000520,0.366292
E01000521,0.256937
E01000522,0.329627
E01000523,0.327231
E01000524,0.340648
E01000525,0.344567
E01000526,0.282964
E01000527,0.329158
E01000528,0.397652
E01000530,0.515997
E01000531,0.446009
E01000532,0.51454
E01000533,0.35389
E01000534,0.498922
E01000535,0.415015
E01000536,0.504601
E01000538,0.508274
E01000539,0.47722
E01000540,0.539759
E01000541,0.408935
E01000543,0.408618
E01000544,0.460563
E01000545,0.521525
E01000546,0.554035
E01000547,0.549516
E01000548,0.521251
E01000549,0.638585
E01000550,0.431361
E01000551,0.379922
E01000552,0.426102
E01000553,0.407232
E01000554,0.421865
E01000555,0.477185
E01000556,0.357579
E01000557,0.440076
E01000558,0.552174
E01000559,0.530364
E01000560,0.601372
E01000561,0.539033
E01000562,0.524143
E01000563,0.4916
E01000564,0.392063
E01000565,0.406352
E01000566,0.426914
E01000567,0.406613
E01000568,0.53252
E01000569,0.501186
E01000570,0.350746
E01000571,0.400919
E01000572,0.47173
E01000573,0.442336
E01000574,0.406461
E01000575,0.389744
E01000576,0.410109
E01000577,0.362776
E01000578,0.39043
E01000579,0.535903
E01000580,0.598908
E01000581,0.584654
E01000582,0.628671
E01000583,0.608922
E01000584,0.511254
E01000585,0.565432
E01000586,0.555611
E01000587,0.369039
E01000589,0.380268
E01000590,0.392231
E01000591,0.372549
E01000592,0.398148
E01000593,0.359908
E01000594,0.340013
E01000595,0.278342
E01000596,0.271174
E01000599,0.373744
E01000601,0.258573
E01000602,0.283376
E01000603,0.321168
E01000604,0.299114
E01000605,0.258179
E01000606,0.33138
E01000607,0.412185
E01000608,0.351308
E01000609,0.361395
E01000610,0.364
E01000611,0.441196
E01000612,0.361598
E01000613,0.391553
E01000615,0.40386
E01000616,0.346789
E01000617,0.360759
E01000618,0.322487
E01000619,0.29646
E01000620,0.315612
E01000621,0.310275
E01000622,0.294201
E01000623,0.3679
E01000624,0.356942
E01000625,0.351919
E01000626,0.3075
E01000627,0.289505
E01000628,0.304022
E01000629,0.343711
E01000630,0.351727
E01000631,0.360023
E01000632,0.277426
E01000633,0.238375
E01000634,0.352327
E01000636,0.323223
E01000637,0.424121
E01000638,0.32491
E01000639,0.484997
E01000640,0.305202
E01000641,0.351297
E01000642,0.445135
E01000643,0.355568
E01000644,0.439328
E01000645,0.557447
E01000646,0.481781
E01000647,0.44436
E01000648,0.47309
E01000649,0.530662
E01000650,0.528697
E01000651,0.44716
E01000652,0.430416
E01000653,0.516667
E01000654,0.271665
E01000655,0.268431
E01000656,0.287089
E01000657,0.244186
E01000658,0.252981
E01000659,0.269132
E01000661,0.371728
E01000662,0.342999
E01000663,0.31711
E01000664,0.344325
E01000665,0.328904
E01000666,0.362462
E01000667,0.353026
E01000668,0.464286
E01000669,0.434751
E01000670,0.5919
E01000671,0.490628
E01000672,0.483395
E01000673,0.51935
E01000674,0.49819
E01000676,0.508323
E01000677,0.527211
E01000678,0.516838
E01000679,0.446143
E01000680,0.397006
E01000681,0.407487
E01000682,0.402317
E01000683,0.401189
E01000684,0.484191
E01000685,0.373239
E01000686,0.40536
E01000687,0.392638
E01000688,0.462913
E01000689,0.331456
E01000690,0.448058
E01000691,0.379592
E01000692,0.415909
E01000693,0.413846
E01000694,0.520397
E01000695,0.493569
E01000696,0.48607
E01000697,0.568681
E01000698,0.454452
E01000699,0.488851
E01000700,0.480848
E01000701,0.538933
E01000702,0.544597
E01000703,0.581465
E01000704,0.440678
E01000705,0.493176
E01000706,0.417344
E01000707,0.600363
E01000708,0.484505
E01000709,0.516978
E01000710,0.601406
E01000711,0.544776
E01000712,0.552803
E01000713,0.575016
E01000714,0.546056
E01000715,0.519973
E01000716,0.527007
E01000717,0.526205
E01000718,0.446691
E01000719,0.333123
E01000720,0.326152
E01000721,0.315346
E01000722,0.320755
E01000723,0.272727
E01000724,0.306529
E01000725,0.295955
E01000726,0.308394
E01000727,0.363181
E01000728,0.293939
E01000729,0.285714
E01000730,0.262921
E01000731,0.31865
E01000732,0.363859
E01000733,0.324695
E01000734,0.36847
E01000735,0.264706
E01000736,0.274068
E01000737,0.304467
E01000738,0.307075
E01000739,0.255609
E01000741,0.598185
E01000742,0.545918
E01000743,0.387117
E01000744,0.326693
E01000745,0.574135
E01000746,0.627698
E01000747,0.294516
E01000748,0.285909
E01000749,0.311095
E01000750,0.25
E01000751,0.428733
E01000752,0.339112
E01000753,0.406856
E01000754,0.41849
E01000755,0.414318
E01000756,0.415108
E01000757,0.43495
E01000758,0.467866
E01000759,0.385833
E01000760,0.329554
E01000761,0.340256
E01000762,0.478168
E01000763,0.362232
E01000764,0.363764
E01000765,0.413745
E01000766,0.415374
E01000767,0.41145
E01000768,0.418242
E01000769,0.400712
E01000770,0.524031
E01000771,0.504545
E01000772,0.498519
E01000773,0.453526
E01000774,0.401187
E01000775,0.466336
E01000777,0.402536
E01000778,0.342266
E01000779,0.464874
E01000780,0.353858
E01000781,0.283431
E01000782,0.287905
E01000783,0.299754
E01000784,0.401977
E01000785,0.287385
E01000786,0.393196
E01000787,0.261438
E01000788,0.365177
E01000789,0.25977
E01000790,0.512435
E01000791,0.322884
E01000792,0.398973
E01000793,0.41933
E01000794,0.4279
E01000795,0.373259
E01000796,0.335299
E01000797,0.578101
E01000798,0.352478
E01000799,0.489214
E01000800,0.49304
E01000801,0.411382
E01000802,0.594793
E01000803,0.591654
E01000804,0.587884
E01000805,0.513808
E01000806,0.442018
E01000807,0.463224
E01000808,0.447725
E01000809,0.417065
E01000810,0.479218
E01000811,0.451977
E01000812,0.476298
E01000813,0.399358
E01000814,0.517186
E01000815,0.48358
E01000816,0.415064
E01000818,0.392396
E01000819,0.373396
E01000820,0.476043
E01000822,0.4992
E01000823,0.535583
E01000824,0.515667
E01000825,0.477745
E01000826,0.536753
E01000827,0.499298
E01000828,0.473799
E01000829,0.537572
E01000830,0.509419
E01000831,0.499281
E01000832,0.428684
E01000833,0.409402
E01000834,0.411488
E01000835,0.368236
E01000836,0.446907
E01000837,0.38764
E01000838,0.374788
E01000839,0.433849
E01000840,0.380184
E01000841,0.374553
E01000842,0.752671
E01000843,0.753122
E01000844,0.753962
E01000845,0.709443
E01000846,0.492174
E01000847,0.54644
E01000848,0.747805
E01000849,0.741277
E01000850,0.599705
E01000851,0.473458
E01000853,0.439418
E01000855,0.645135
E01000856,0.496689
E01000857,0.642491
E01000858,0.459624
E01000859,0.724026
E01000860,0.634047
E01000861,0.543635
E01000862,0.723525
E01000863,0.619335
E01000866,0.552567
E01000867,0.497026
E01000868,0.451495
E01000869,0.57842
E01000870,0.569733
E01000871,0.669903
E01000872,0.543069
E01000873,0.719272
E01000874,0.724195
E01000875,0.634377
E01000876,0.550716
E01000877,0.714404
E01000878,0.661042
E01000879,0.733333
E01000880,0.754215
E01000881,0.715426
E01000882,0.782756
E01000883,0.736154
E01000884,0.705984
E01000885,0.658768
E01000886,0.682019
E01000887,0.679402
E01000888,0.647993
E01000889,0.375522
E01000890,0.3282
E01000891,0.410993
E01000892,0.625503
E01000893,0.769231
E01000894,0.771792
E01000895,0.688438
E01000896,0.817413
E01000897,0.792531
E01000898,0.659809
E01000899,0.732296
E01000900,0.526502
E01000901,0.380149
E01000902,0.424348
E01000903,0.649034
E01000904,0.469893
E01000905,0.350866
E01000906,0.7328
E01000907,0.510135
E01000908,0.536923
E01000909,0.693252
E01000910,0.750447
E01000911,0.552013
E01000912,0.511194
E01000913,0.71315
E01000914,0.644939
E01000915,0.450715
E01000916,0.572286
E01000917,0.436391
E01000918,0.517868
E01000919,0.547529
E01000920,0.592745
E01000921,0.664216
E01000922,0.524067
E01000923,0.630819
E01000924,0.690233
E01000925,0.391638
E01000926,0.533658
E01000927,0.626415
E01000928,0.612117
E01000929,0.389446
E01000930,0.437788
E01000931,0.445704
E01000932,0.632614
E01000933,0.603437
E01000934,0.431854
E01000935,0.413957
E01000937,0.466986
E01000938,0.49245
E01000939,0.389568
E01000941,0.394656
E01000942,0.528796
E01000943,0.353018
E01000944,0.388618
E01000946,0.556327
E01000947,0.525017
E01000948,0.551829
E01000949,0.445719
E01000951,0.378109
E01000952,0.365371
E01000954,0.323372
E01000955,0.370028
E01000956,0.410236
E01000957,0.568475
E01000958,0.451081
E01000959,0.362875
E01000960,0.669453
E01000961,0.532639
E01000962,0.804606
E01000963,0.639715
E01000964,0.646937
E01000965,0.696113
E01000966,0.800597
E01000967,0.656452
E01000968,0.718266
E01000969,0.775434
E01000970,0.751181
E01000971,0.702226
E01000972,0.519787
E01000973,0.626403
E01000974,0.547757
E01000975,0.529136
E01000976,0.417402
E01000977,0.400619
E01000978,0.480863
E01000979,0.530178
E01000980,0.417526
E01000981,0.405977
E01000982,0.430215
E01000983,0.439842
E01000984,0.394366
E01000985,0.406121
E01000986,0.503089
E01000987,0.436348
E01000989,0.349858
E01000990,0.287826
E01000991,0.369826
E01000992,0.331139
E01000993,0.385271
E01000994,0.368214
E01000995,0.362187
E01000996,0.394353
E01000997,0.359247
E01000998,0.355219
E01000999,0.359813
E01001000,0.357807
E01001001,0.357532
E01001002,0.372822
E01001003,0.385246
E01001004,0.392623
E01001005,0.334326
E01001006,0.368932
E01001007,0.332692
E01001008,0.282316
E01001009,0.388381
E01001010,0.305723
E01001011,0.310563
E01001012,0.342381
E01001013,0.311234
E01001015,0.387153
E01001016,0.419516
E01001017,0.476866
E01001018,0.347859
E01001019,0.431162
E01001020,0.329202
E01001021,0.273423
E01001022,0.343949
E01001023,0.448363
E01001024,0.44085
E01001025,0.391549
E01001026,0.33685
E01001027,0.53417
E01001028,0.522909
E01001029,0.496842
E01001030,0.521186
E01001031,0.490017
E01001032,0.515498
E01001033,0.469539
E01001034,0.498845
E01001035,0.502611
E01001036,0.565723
E01001037,0.435038
E01001038,0.504811
E01001039,0.565323
E01001040,0.455077
E01001041,0.435935
E01001042,0.424928
E01001044,0.583234
E01001046,0.622718
E01001047,0.473239
E01001049,0.599335
E01001050,0.45233
E01001051,0.24481
E01001052,0.251825
E01001053,0.222764
E01001054,0.239067
E01001055,0.214815
E01001056,0.23366
E01001057,0.298812
E01001058,0.352666
E01001059,0.347173
E01001060,0.34164
E01001061,0.314632
E01001062,0.383908
E01001063,0.41726
E01001064,0.46363
E01001065,0.368375
E01001066,0.279279
E01001067,0.495516
E01001068,0.440354
E01001069,0.473399
E01001070,0.364026
E01001071,0.381926
E01001072,0.467678
E01001073,0.484483
E01001074,0.446545
E01001075,0.474219
E01001076,0.239868
E01001077,0.270621
E01001078,0.255223
E01001079,0.253376
E01001080,0.227749
E01001081,0.253381
E01001082,0.274314
E01001083,0.474074
E01001084,0.503731
E01001085,0.427758
E01001086,0.412047
E01001087,0.400089
E01001088,0.411592
E01001089,0.374388
E01001090,0.401117
E01001091,0.456207
E01001092,0.516089
E01001093,0.425887
E01001094,0.589181
E01001095,0.429559
E01001096,0.566667
E01001097,0.449949
E01001098,0.558897
E01001099,0.411523
E01001100,0.499196
E01001101,0.457243
E01001102,0.455583
E01001103,0.375559
E01001104,0.466521
E01001105,0.290883
E01001106,0.299426
E01001107,0.544526
E01001108,0.49754
E01001109,0.371524
E01001110,0.375921
E01001111,0.39728
E01001112,0.412945
E01001113,0.397849
E01001114,0.310071
E01001115,0.339692
E01001116,0.37138
E01001118,0.31952
E01001119,0.3173
E01001120,0.326606
E01001121,0.410461
E01001122,0.483221
E01001123,0.394815
E01001124,0.437265
E01001125,0.372356
E01001126,0.287288
E01001127,0.368421
E01001128,0.291946
E01001129,0.373636
E01001130,0.311224
E01001131,0.32947
E01001132,0.354767
E01001133,0.346209
E01001134,0.389053
E01001135,0.366097
E01001136,0.463707
E01001137,0.573178
E01001138,0.57648
E01001139,0.46284
E01001140,0.543939
E01001141,0.405088
E01001142,0.495825
E01001143,0.41138
E01001144,0.45905
E01001145,0.374548
E01001146,0.377814
E01001147,0.373804
E01001148,0.38386
E01001149,0.430567
E01001150,0.484249
E01001151,0.297872
E01001152,0.348794
E01001153,0.399267
E01001154,0.35523
E01001155,0.316936
E01001156,0.465505
E01001157,0.390765
E01001158,0.458989
E01001159,0.487533
E01001160,0.390856
E01001161,0.328169
E01001162,0.469204
E01001163,0.498748
E01001164,0.584579
E01001165,0.417739
E01001166,0.340594
E01001167,0.376035
E01001168,0.404441
E01001169,0.341428
E01001170,0.450456
E01001171,0.385328
E01001172,0.315757
E01001173,0.445116
E01001174,0.336364
E01001175,0.38395
E01001176,0.366551
E01001177,0.351392
E01001178,0.327288
E01001179,0.345611
E01001180,0.358991
E01001181,0.349311
E01001182,0.37766
E01001183,0.349529
E01001184,0.379535
E01001185,0.422794
E01001186,0.392313
E01001187,0.36736
E01001188,0.395288
E01001189,0.428423
E01001190,0.45684
E01001191,0.44125
E01001192,0.397456
E01001193,0.319917
E01001194,0.459906
E01001195,0.494685
E01001196,0.402326
E01001197,0.517931
E01001198,0.569157
E01001199,0.491228
E01001200,0.548809
E01001201,0.608761
E01001202,0.496407
E01001203,0.484211
E01001204,0.567873
E01001205,0.442322
E01001206,0.318981
E01001207,0.598901
E01001208,0.601272
E01001209,0.618343
E01001210,0.346741
E01001211,0.621008
E01001212,0.617432
E01001213,0.271839
E01001214,0.294159
E01001215,0.261108
E01001216,0.295317
E01001217,0.336417
E01001218,0.294896
E01001219,0.262877
E01001220,0.288927
E01001223,0.694262
E01001224,0.685714
E01001225,0.645478
E01001226,0.681747
E01001227,0.653846
E01001228,0.639549
E01001229,0.405973
E01001230,0.679023
E01001231,0.62153
E01001232,0.518519
E01001233,0.518092
E01001234,0.639289
E01001235,0.646641
E01001236,0.633781
E01001237,0.641138
E01001239,0.389388
E01001240,0.441875
E01001241,0.471148
E01001242,0.472921
E01001243,0.507813
E01001244,0.458761
E01001245,0.606414
E01001246,0.411264
E01001247,0.423529
E01001248,0.424752
E01001249,0.496457
E01001250,0.446712
E01001251,0.562151
E01001252,0.420305
E01001253,0.506375
E01001254,0.516643
E01001255,0.571664
E01001257,0.326518
E01001258,0.353265
E01001259,0.35855
E01001260,0.393848
E01001261,0.354976
E01001262,0.31493
E01001263,0.343164
E01001264,0.35282
E01001265,0.383562
E01001266,0.390655
E01001267,0.348692
E01001268,0.402321
E01001269,0.409192
E01001270,0.389474
E01001271,0.338206
E01001272,0.387712
E01001273,0.646333
E01001274,0.605285
E01001275,0.651642
E01001276,0.446924
E01001277,0.490402
E01001278,0.483496
E01001279,0.666944
E01001280,0.59075
E01001281,0.63593
E01001282,0.332542
E01001283,0.353389
E01001284,0.426626
E01001285,0.373209
E01001286,0.393109
E01001287,0.336885
E01001288,0.515873
E01001289,0.522556
E01001290,0.559146
E01001291,0.349138
E01001292,0.342754
E01001293,0.303735
E01001294,0.302225
E01001295,0.323129
E01001296,0.267462
E01001297,0.257378
E01001298,0.279412
E01001299,0.551136
E01001300,0.638554
E01001301,0.539673
E01001302,0.624608
E01001303,0.631068
E01001304,0.638931
E01001305,0.618035
E01001306,0.664844
E01001307,0.432432
E01001308,0.428914
E01001309,0.358528
E01001310,0.411226
E01001311,0.388293
E01001312,0.379353
E01001313,0.366806
E01001314,0.39141
E01001315,0.324074
E01001316,0.381955
E01001317,0.37006
E01001318,0.314304
E01001319,0.358653
E01001320,0.279668
E01001321,0.357889
E01001322,0.360875
E01001323,0.395408
E01001324,0.372349
E01001325,0.321053
E01001326,0.318881
E01001327,0.32459
E01001328,0.317335
E01001329,0.32087
E01001330,0.281958
E01001331,0.263158
E01001332,0.335275
E01001333,0.240539
E01001334,0.225197
E01001335,0.376918
E01001336,0.351779
E01001337,0.453271
E01001338,0.326936
E01001339,0.400701
E01001340,0.395899
E01001341,0.363322
E01001342,0.357463
E01001343,0.395833
E01001344,0.444626
E01001345,0.341702
E01001346,0.415155
E01001347,0.399762
E01001348,0.423019
E01001349,0.316652
E01001350,0.604423
E01001351,0.489415
E01001352,0.630758
E01001353,0.565436
E01001354,0.592676
E01001355,0.537906
E01001356,0.33214
E01001357,0.56764
E01001358,0.579014
E01001359,0.234694
E01001360,0.252432
E01001361,0.244806
E01001362,0.248379
E01001363,0.23588
E01001364,0.247613
E01001365,0.24711
E01001366,0.226811
E01001367,0.247229
E01001368,0.253825
E01001369,0.227104
E01001370,0.259431
E01001371,0.238553
E01001372,0.257669
E01001373,0.256098
E01001374,0.659653
E01001375,0.730263
E01001376,0.543605
E01001377,0.730486
E01001379,0.70202
E01001380,0.715979
E01001381,0.605125
E01001382,0.679117
E01001383,0.597909
E01001384,0.617626
E01001385,0.6614
E01001386,0.687038
E01001387,0.633034
E01001388,0.502964
E01001389,0.489418
E01001390,0.539318
E01001391,0.44489
E01001392,0.491217
E01001393,0.498764
E01001394,0.328162
E01001395,0.309774
E01001396,0.383749
E01001397,0.350361
E01001398,0.463918
E01001399,0.358911
E01001400,0.345427
E01001401,0.396898
E01001402,0.456592
E01001403,0.35388
E01001404,0.342663
E01001405,0.415584
E01001406,0.408225
E01001407,0.351157
E01001408,0.4391
E01001409,0.328299
E01001410,0.320197
E01001411,0.463567
E01001412,0.290459
E01001413,0.423601
E01001414,0.259027
E01001415,0.458665
E01001416,0.51035
E01001417,0.506752
E01001418,0.413529
E01001419,0.449248
E01001420,0.36909
E01001421,0.407774
E01001422,0.515368
E01001423,0.291976
E01001424,0.311887
E01001425,0.293471
E01001426,0.275738
E01001427,0.245667
E01001428,0.295217
E01001429,0.258427
E01001430,0.281799
E01001431,0.276355
E01001432,0.256637
E01001433,0.245394
E01001434,0.27907
E01001435,0.270499
E01001436,0.294794
E01001437,0.297217
E01001438,0.300781
E01001439,0.275
E01001440,0.280881
E01001441,0.279869
E01001442,0.221184
E01001444,0.305976
E01001445,0.36824
E01001446,0.300762
E01001447,0.251989
E01001448,0.308276
E01001449,0.285488
E01001450,0.439063
E01001451,0.440171
E01001452,0.456233
E01001453,0.488722
E01001454,0.481672
E01001455,0.407251
E01001456,0.515639
E01001457,0.4629
E01001458,0.266667
E01001459,0.264881
E01001460,0.273448
E01001461,0.251189
E01001462,0.27691
E01001463,0.29137
E01001464,0.28972
E01001465,0.289223
E01001466,0.308351
E01001467,0.313261
E01001468,0.474667
E01001469,0.393571
E01001470,0.399257
E01001471,0.432996
E01001472,0.460792
E01001473,0.3728
E01001474,0.471191
E01001475,0.483651
E01001476,0.257778
E01001477,0.242182
E01001478,0.287226
E01001479,0.27864
E01001480,0.30962
E01001481,0.274021
E01001482,0.261261
E01001483,0.268456
E01001484,0.32493
E01001485,0.272277
E01001486,0.266061
E01001487,0.285024
E01001488,0.280595
E01001489,0.265569
E01001491,0.314629
E01001492,0.299937
E01001493,0.355824
E01001494,0.383527
E01001495,0.492116
E01001496,0.385251
E01001497,0.314961
E01001498,0.448185
E01001499,0.347418
E01001500,0.425837
E01001501,0.436691
E01001502,0.296492
E01001503,0.281404
E01001504,0.282197
E01001505,0.310891
E01001507,0.275186
E01001508,0.3031
E01001509,0.30625
E01001511,0.383024
E01001512,0.441391
E01001513,0.282069
E01001514,0.413108
E01001515,0.322386
E01001516,0.278117
E01001517,0.225464
E01001518,0.409158
E01001520,0.460758
E01001521,0.55511
E01001522,0.484827
E01001523,0.440808
E01001524,0.437795
E01001525,0.441772
E01001526,0.473408
E01001527,0.470446
E01001528,0.394537
E01001529,0.35274
E01001530,0.418142
E01001531,0.545923
E01001532,0.573593
E01001533,0.48368
E01001534,0.495293
E01001535,0.473459
E01001536,0.462352
E01001537,0.382419
E01001538,0.342105
E01001539,0.397126
E01001540,0.435644
E01001541,0.478849
E01001542,0.409279
E01001543,0.383854
E01001544,0.418791
E01001545,0.272792
E01001546,0.257542
E01001547,0.295273
E01001548,0.265859
E01001549,0.26292
E01001550,0.253404
E01001551,0.269258
E01001552,0.277524
E01001553,0.244264
E01001554,0.268185
E01001555,0.325996
E01001556,0.318919
E01001557,0.29317
E01001558,0.269577
E01001559,0.323097
E01001560,0.298039
E01001562,0.304628
E01001563,0.486525
E01001564,0.557402
E01001565,0.480576
E01001566,0.546738
E01001567,0.511364
E01001568,0.521879
E01001569,0.474048
E01001570,0.434282
E01001571,0.416258
E01001572,0.408759
E01001573,0.365891
E01001574,0.326226
E01001575,0.344325
E01001576,0.381743
E01001577,0.358974
E01001578,0.387926
E01001579,0.326187
E01001580,0.709277
E01001581,0.588685
E01001582,0.517417
E01001583,0.631024
E01001584,0.708
E01001585,0.636824
E01001586,0.55565
E01001587,0.686053
E01001588,0.377667
E01001589,0.418637
E01001590,0.560028
E01001591,0.371687
E01001592,0.609772
E01001593,0.644507
E01001594,0.431518
E01001595,0.44
E01001596,0.388244
E01001597,0.412178
E01001598,0.423308
E01001599,0.33384
E01001600,0.360163
E01001601,0.359036
E01001602,0.284077
E01001603,0.286142
E01001604,0.474838
E01001605,0.371405
E01001606,0.434109
E01001607,0.418336
E01001608,0.501285
E01001609,0.442529
E01001610,0.438953
E01001611,0.34968
E01001613,0.366407
E01001614,0.355683
E01001615,0.459756
E01001617,0.384673
E01001618,0.369261
E01001619,0.403774
E01001620,0.290453
E01001621,0.358209
E01001623,0.376967
E01001624,0.349923
E01001625,0.273397
E01001629,0.384848
E01001631,0.344629
E01001632,0.32834
E01001633,0.363065
E01001634,0.295045
E01001635,0.458584
E01001636,0.385125
E01001637,0.405117
E01001638,0.374732
E01001641,0.658629
E01001642,0.732229
E01001644,0.665016
E01001645,0.345528
E01001646,0.442877
E01001647,0.441728
E01001648,0.488841
E01001649,0.361134
E01001650,0.363251
E01001651,0.350877
E01001652,0.484743
E01001653,0.257627
E01001654,0.32428
E01001655,0.264135
E01001656,0.558429
E01001657,0.620313
E01001658,0.477134
E01001659,0.467615
E01001660,0.342298
E01001661,0.333602
E01001664,0.614566
E01001665,0.639117
E01001666,0.47598
E01001669,0.36194
E01001671,0.383163
E01001672,0.335501
E01001673,0.340897
E01001674,0.320722
E01001675,0.299635
E01001676,0.330686
E01001677,0.365042
E01001678,0.335756
E01001679,0.431776
E01001680,0.491143
E01001681,0.459259
E01001682,0.446056
E01001683,0.4
E01001684,0.346054
E01001685,0.360849
E01001686,0.452514
E01001687,0.304444
E01001688,0.433647
E01001690,0.330621
E01001692,0.317029
E01001693,0.396926
E01001694,0.391571
E01001695,0.324717
E01001696,0.564605
E01001697,0.409354
E01001698,0.40922
E01001699,0.445013
E01001700,0.38587
E01001701,0.484827
E01001702,0.313368
E01001703,0.354947
E01001704,0.441931
E01001705,0.380615
E01001708,0.475908
E01001710,0.325172
E01001712,0.424615
E01001714,0.55064
E01001715,0.713172
E01001716,0.505866
E01001717,0.551509
E01001718,0.734774
E01001719,0.569004
E01001720,0.708777
E01001722,0.414918
E01001723,0.512718
E01001724,0.546473
E01001725,0.31445
E01001726,0.368635
E01001727,0.369723
E01001728,0.23848
E01001729,0.429408
E01001730,0.420706
E01001731,0.549056
E01001732,0.414685
E01001733,0.617008
E01001734,0.608805
E01001735,0.547833
E01001736,0.652009
E01001737,0.657601
E01001738,0.633244
E01001739,0.698925
E01001740,0.446656
E01001741,0.696944
E01001742,0.584919
E01001744,0.566243
E01001745,0.46636
E01001746,0.375301
E01001747,0.628866
E01001749,0.629688
E01001750,0.602908
E01001751,0.751181
E01001753,0.434397
E01001755,0.480491
E01001756,0.664804
E01001757,0.353782
E01001758,0.476649
E01001759,0.570815
E01001760,0.564071
E01001761,0.494865
E01001762,0.655782
E01001763,0.561866
E01001764,0.499329
E01001765,0.373813
E01001767,0.577042
E01001768,0.652698
E01001769,0.590267
E01001770,0.459556
E01001772,0.493094
E01001773,0.595897
E01001774,0.580107
E01001775,0.456763
E01001776,0.513842
E01001777,0.597681
E01001780,0.452489
E01001781,0.428894
E01001783,0.409695
E01001784,0.480796
E01001785,0.555031
E01001786,0.454545
E01001787,0.354373
E01001788,0.367264
E01001789,0.550215
E01001790,0.361572
E01001791,0.463605
E01001792,0.504756
E01001793,0.613238
E01001794,0.535936
E01001795,0.620658
E01001796,0.599518
E01001798,0.416568
E01001799,0.348887
E01001800,0.273799
E01001801,0.375107
E01001802,0.371429
E01001803,0.577522
E01001804,0.320236
E01001805,0.558494
E01001806,0.569421
E01001807,0.382622
E01001808,0.220435
E01001809,0.275267
E01001811,0.441538
E01001812,0.299918
E01001813,0.31965
E01001814,0.298467
E01001815,0.436326
E01001816,0.5736
E01001819,0.526667
E01001820,0.450348
E01001821,0.415993
E01001822,0.311049
E01001823,0.314465
E01001824,0.278607
E01001825,0.229792
E01001826,0.232809
E01001827,0.309907
E01001828,0.395753
E01001829,0.707386
E01001830,0.522489
E01001831,0.611148
E01001832,0.569494
E01001833,0.588539
E01001834,0.617717
E01001835,0.666353
E01001836,0.542254
E01001837,0.664468
E01001838,0.363772
E01001839,0.637458
E01001840,0.423465
E01001841,0.489668
E01001842,0.501585
E01001843,0.505629
E01001844,0.53851
E01001845,0.393162
E01001846,0.405697
E01001847,0.52758
E01001848,0.405996
E01001849,0.556145
E01001850,0.355
E01001851,0.704681
E01001852,0.664174
E01001853,0.656598
E01001854,0.616429
E01001855,0.667125
E01001856,0.551647
E01001857,0.45948
E01001858,0.518638
E01001859,0.577392
E01001860,0.469008
E01001861,0.526224
E01001862,0.526351
E01001863,0.591632
E01001864,0.562249
E01001865,0.626073
E01001866,0.620301
E01001867,0.586473
E01001868,0.397448
E01001869,0.694268
E01001870,0.643915
E01001871,0.658537
E01001872,0.66968
E01001873,0.571772
E01001875,0.342318
E01001876,0.460713
E01001877,0.43281
E01001878,0.348855
E01001879,0.520767
E01001880,0.554595
E01001881,0.666259
E01001882,0.689246
E01001883,0.625685
E01001884,0.506567
E01001885,0.320342
E01001886,0.485261
E01001887,0.456349
E01001888,0.617494
E01001889,0.646473
E01001890,0.632838
E01001891,0.661758
E01001892,0.48725
E01001893,0.485876
E01001894,0.570147
E01001895,0.60166
E01001896,0.598861
E01001897,0.591874
E01001898,0.64184
E01001899,0.483988
E01001900,0.430137
E01001901,0.695815
E01001902,0.607432
E01001903,0.520098
E01001904,0.687001
E01001905,0.647826
E01001906,0.696013
E01001907,0.705191
E01001908,0.67668
E01001909,0.574589
E01001910,0.648963
E01001911,0.401154
E01001912,0.346154
E01001913,0.74883
E01001914,0.619286
E01001915,0.672819
E01001916,0.656453
E01001917,0.57109
E01001918,0.615385
E01001919,0.622506
E01001920,0.501946
E01001921,0.662273
E01001922,0.688976
E01001923,0.625296
E01001924,0.71615
E01001925,0.650525
E01001926,0.717217
E01001927,0.6716
E01001928,0.595973
E01001929,0.694787
E01001930,0.564746
E01001931,0.667265
E01001932,0.647145
E01001933,0.621456
E01001934,0.501928
E01001935,0.623612
E01001937,0.65
E01001938,0.479584
E01001940,0.503443
E01001941,0.608726
E01001942,0.553125
E01001943,0.557504
E01001944,0.392777
E01001945,0.588897
E01001946,0.585034
E01001947,0.366259
E01001948,0.649367
E01001949,0.732673
E01001950,0.742591
E01001951,0.659426
E01001952,0.673797
E01001953,0.585328
E01001954,0.509327
E01001955,0.418235
E01001956,0.462025
E01001957,0.319149
E01001958,0.333578
E01001959,0.43165
E01001960,0.595476
E01001961,0.333333
E01001962,0.5997
E01001963,0.683904
E01001964,0.630745
E01001965,0.668581
E01001966,0.676497
E01001967,0.694147
E01001968,0.662623
E01001969,0.434362
E01001970,0.431776
E01001971,0.351627
E01001972,0.455064
E01001973,0.473868
E01001974,0.513395
E01001975,0.481879
E01001976,0.352
E01001977,0.391376
E01001978,0.299559
E01001979,0.339037
E01001980,0.429517
E01001981,0.384864
E01001982,0.421973
E01001983,0.44797
E01001984,0.673387
E01001985,0.734709
E01001986,0.683926
E01001987,0.752149
E01001988,0.690182
E01001989,0.688811
E01001990,0.694495
E01001991,0.637387
E01001992,0.699071
E01001993,0.745511
E01001994,0.642619
E01001995,0.496555
E01001996,0.653424
E01001997,0.610512
E01001998,0.585439
E01001999,0.533466
E01002000,0.569528
E01002001,0.643728
E01002002,0.561427
E01002003,0.438249
E01002004,0.601547
E01002005,0.761686
E01002006,0.731264
E01002007,0.7443
E01002008,0.687023
E01002009,0.752846
E01002010,0.642475
E01002011,0.683276
E01002013,0.694291
E01002014,0.602129
E01002015,0.540586
E01002016,0.594897
E01002017,0.628811
E01002018,0.569258
E01002019,0.703277
E01002020,0.651074
E01002021,0.688663
E01002022,0.650529
E01002023,0.707231
E01002024,0.632923
E01002025,0.730066
E01002026,0.324781
E01002027,0.399042
E01002028,0.427864
E01002029,0.385878
E01002030,0.485163
E01002031,0.462759
E01002032,0.348437
E01002033,0.359396
E01002034,0.317978
E01002036,0.288966
E01002037,0.268257
E01002038,0.295211
E01002039,0.260938
E01002040,0.338129
E01002041,0.333107
E01002042,0.505319
E01002043,0.475017
E01002044,0.481771
E01002045,0.383918
E01002046,0.355147
E01002047,0.554709
E01002048,0.42245
E01002049,0.368489
E01002050,0.259916
E01002051,0.31769
E01002052,0.256827
E01002053,0.3125
E01002054,0.320941
E01002055,0.241206
E01002056,0.497331
E01002057,0.4987
E01002058,0.507331
E01002059,0.612854
E01002060,0.681596
E01002061,0.735918
E01002062,0.712011
E01002063,0.659231
E01002064,0.551913
E01002065,0.602151
E01002066,0.336146
E01002067,0.38647
E01002068,0.42723
E01002069,0.384225
E01002070,0.547786
E01002071,0.353315
E01002072,0.42089
E01002073,0.393648
E01002074,0.319904
E01002075,0.325371
E01002076,0.348066
E01002077,0.376581
E01002078,0.468981
E01002079,0.344437
E01002081,0.311517
E01002082,0.28619
E01002083,0.490262
E01002084,0.455862
E01002085,0.469806
E01002086,0.508034
E01002087,0.45104
E01002088,0.44632
E01002089,0.285019
E01002090,0.344972
E01002091,0.264628
E01002092,0.35396
E01002093,0.276114
E01002094,0.339733
E01002095,0.314554
E01002096,0.333812
E01002097,0.327074
E01002098,0.580315
E01002099,0.31003
E01002100,0.333795
E01002101,0.451411
E01002102,0.399091
E01002103,0.410405
E01002104,0.340999
E01002105,0.402755
E01002106,0.419753
E01002107,0.460239
E01002108,0.491468
E01002109,0.546253
E01002110,0.478006
E01002111,0.394008
E01002112,0.535211
E01002113,0.522446
E01002114,0.424308
E01002115,0.497157
E01002116,0.523631
E01002118,0.4125
E01002119,0.42712
E01002120,0.336475
E01002121,0.376641
E01002122,0.362791
E01002123,0.359617
E01002124,0.330084
E01002125,0.312142
E01002127,0.519243
E01002128,0.469021
E01002129,0.608096
E01002130,0.425844
E01002131,0.404224
E01002132,0.577063
E01002133,0.394427
E01002134,0.563209
E01002135,0.419238
E01002136,0.464728
E01002137,0.470634
E01002138,0.413146
E01002139,0.314119
E01002140,0.366597
E01002141,0.415753
E01002142,0.446286
E01002143,0.365642
E01002144,0.481426
E01002145,0.405735
E01002146,0.572152
E01002147,0.573254
E01002148,0.500843
E01002149,0.586486
E01002150,0.48374
E01002151,0.33254
E01002152,0.515885
E01002153,0.535459
E01002155,0.535354
E01002156,0.554869
E01002157,0.525253
E01002158,0.57363
E01002159,0.51023
E01002160,0.494872
E01002161,0.48913
E01002162,0.464405
E01002163,0.531899
E01002164,0.544796
E01002165,0.344498
E01002166,0.349138
E01002167,0.329314
E01002168,0.323459
E01002169,0.349635
E01002170,0.376799
E01002171,0.337192
E01002172,0.381847
E01002173,0.407821
E01002174,0.432108
E01002175,0.403764
E01002176,0.471751
E01002177,0.412052
E01002178,0.427951
E01002179,0.437992
E01002181,0.513994
E01002182,0.472042
E01002183,0.341017
E01002184,0.35228
E01002185,0.409556
E01002186,0.479685
E01002187,0.536232
E01002188,0.597461
E01002189,0.604342
E01002190,0.56423
E01002191,0.56654
E01002192,0.609467
E01002193,0.563601
E01002194,0.620567
E01002195,0.501495
E01002196,0.599858
E01002197,0.425958
E01002198,0.332443
E01002199,0.387173
E01002200,0.316332
E01002201,0.432679
E01002202,0.322034
E01002203,0.385734
E01002204,0.420765
E01002206,0.411335
E01002207,0.406447
E01002208,0.565062
E01002209,0.516319
E01002210,0.487824
E01002211,0.3631
E01002212,0.394024
E01002214,0.355556
E01002215,0.292952
E01002216,0.471342
E01002217,0.464558
E01002218,0.427789
E01002219,0.344156
E01002220,0.37679
E01002221,0.351292
E01002222,0.421911
E01002223,0.395733
E01002224,0.314307
E01002225,0.476066
E01002226,0.491991
E01002227,0.34212
E01002228,0.463348
E01002229,0.416945
E01002230,0.454726
E01002231,0.371648
E01002232,0.374437
E01002233,0.37401
E01002234,0.401505
E01002235,0.308873
E01002236,0.388068
E01002237,0.421707
E01002238,0.483289
E01002239,0.509913
E01002240,0.481388
E01002241,0.448069
E01002242,0.514601
E01002243,0.358416
E01002244,0.357243
E01002245,0.312832
E01002246,0.274854
E01002247,0.343423
E01002248,0.309946
E01002250,0.314345
E01002251,0.268977
E01002252,0.239264
E01002253,0.301149
E01002254,0.332841
E01002255,0.295618
E01002256,0.276083
E01002257,0.355634
E01002258,0.271399
E01002259,0.261847
E01002260,0.328462
E01002261,0.293825
E01002262,0.288488
E01002263,0.291091
E01002264,0.233992
E01002265,0.268921
E01002266,0.236842
E01002267,0.263267
E01002268,0.336709
E01002269,0.259732
E01002270,0.404778
E01002271,0.375
E01002272,0.313231
E01002273,0.303243
E01002274,0.30404
E01002275,0.319895
E01002276,0.242243
E01002277,0.249415
E01002278,0.239264
E01002279,0.250367
E01002280,0.245802
E01002281,0.34241
E01002282,0.262656
E01002283,0.2901
E01002284,0.311688
E01002285,0.269828
E01002286,0.254945
E01002287,0.28246
E01002288,0.272036
E01002289,0.278761
E01002290,0.240316
E01002291,0.24185
E01002292,0.26363
E01002294,0.303054
E01002295,0.335821
E01002296,0.281073
E01002297,0.242802
E01002298,0.297744
E01002299,0.27507
E01002300,0.362559
E01002301,0.259451
E01002302,0.240321
E01002303,0.246136
E01002304,0.239695
E01002305,0.261261
E01002306,0.238131
E01002307,0.266667
E01002308,0.225694
E01002309,0.287823
E01002310,0.260228
E01002311,0.264831
E01002312,0.233728
E01002313,0.317735
E01002314,0.238971
E01002315,0.283133
E01002316,0.251001
E01002317,0.309741
E01002318,0.254745
E01002319,0.324379
E01002320,0.263201
E01002321,0.279039
E01002322,0.268913
E01002323,0.312588
E01002324,0.226923
E01002325,0.229205
E01002326,0.244361
E01002327,0.275889
E01002328,0.305025
E01002329,0.295983
E01002330,0.275668
E01002331,0.242675
E01002332,0.25583
E01002333,0.238179
E01002334,0.294402
E01002335,0.230506
E01002336,0.230088
E01002337,0.355536
E01002338,0.288136
E01002339,0.340741
E01002340,0.336481
E01002341,0.266892
E01002342,0.264394
E01002343,0.232033
E01002344,0.249356
E01002345,0.288889
E01002346,0.267606
E01002347,0.272802
E01002348,0.248862
E01002349,0.20216
E01002350,0.325461
E01002351,0.325827
E01002352,0.362476
E01002353,0.351101
E01002354,0.34528
E01002355,0.333333
E01002356,0.387077
E01002358,0.375598
E01002359,0.282628
E01002360,0.253344
E01002361,0.258245
E01002362,0.332534
E01002363,0.228099
E01002364,0.259446
E01002365,0.293796
E01002366,0.254618
E01002367,0.33796
E01002368,0.317164
E01002369,0.297281
E01002370,0.296081
E01002371,0.255474
E01002372,0.238905
E01002373,0.260611
E01002374,0.245614
E01002375,0.228246
E01002376,0.360264
E01002377,0.30979
E01002378,0.313011
E01002379,0.375576
E01002380,0.355155
E01002381,0.297038
E01002382,0.364674
E01002383,0.324081
E01002384,0.339085
E01002385,0.289768
E01002386,0.348188
E01002387,0.313725
E01002388,0.351072
E01002389,0.290816
E01002390,0.300746
E01002391,0.273047
E01002392,0.263281
E01002393,0.306699
E01002394,0.312312
E01002395,0.326287
E01002396,0.284626
E01002397,0.255029
E01002398,0.321183
E01002399,0.308857
E01002400,0.300446
E01002401,0.332564
E01002402,0.296494
E01002403,0.328022
E01002404,0.282017
E01002405,0.272908
E01002408,0.281734
E01002409,0.309677
E01002410,0.344692
E01002411,0.281565
E01002412,0.43763
E01002413,0.279902
E01002414,0.28982
E01002415,0.40678
E01002416,0.382072
E01002417,0.472016
E01002418,0.386537
E01002419,0.467897
E01002420,0.42097
E01002421,0.41886
E01002422,0.269699
E01002423,0.33015
E01002424,0.334368
E01002425,0.278342
E01002426,0.308873
E01002427,0.300851
E01002428,0.329053
E01002429,0.301561
E01002430,0.478003
E01002431,0.476712
E01002432,0.483534
E01002433,0.471386
E01002434,0.436557
E01002435,0.476115
E01002436,0.403717
E01002437,0.466667
E01002438,0.388562
E01002439,0.324861
E01002440,0.272157
E01002441,0.334337
E01002442,0.270818
E01002443,0.358617
E01002444,0.302136
E01002445,0.267496
E01002446,0.300393
E01002447,0.326165
E01002448,0.296875
E01002449,0.31764
E01002450,0.362054
E01002451,0.383319
E01002452,0.378727
E01002453,0.383442
E01002454,0.310035
E01002455,0.346898
E01002456,0.340045
E01002457,0.3123
E01002458,0.476923
E01002459,0.445501
E01002460,0.45678
E01002461,0.507166
E01002462,0.491789
E01002463,0.447665
E01002464,0.426332
E01002465,0.364715
E01002466,0.360029
E01002467,0.372457
E01002468,0.399423
E01002469,0.382161
E01002470,0.408
E01002471,0.450758
E01002472,0.53505
E01002473,0.580577
E01002474,0.511478
E01002475,0.467367
E01002476,0.633605
E01002477,0.571043
E01002478,0.559626
E01002479,0.394647
E01002480,0.521797
E01002481,0.391141
E01002482,0.60073
E01002483,0.466838
E01002484,0.392794
E01002485,0.439085
E01002486,0.297811
E01002487,0.322602
E01002488,0.298776
E01002489,0.300645
E01002490,0.29806
E01002491,0.264456
E01002492,0.31287
E01002493,0.240596
E01002494,0.383298
E01002495,0.426821
E01002496,0.352288
E01002497,0.417773
E01002498,0.415078
E01002499,0.364341
E01002501,0.299929
E01002502,0.305344
E01002503,0.283221
E01002505,0.301955
E01002506,0.266328
E01002507,0.332677
E01002508,0.259371
E01002509,0.378378
E01002511,0.30254
E01002512,0.494308
E01002513,0.419032
E01002514,0.496611
E01002516,0.466172
E01002518,0.372514
E01002519,0.353121
E01002520,0.37484
E01002521,0.423168
E01002523,0.388712
E01002525,0.401792
E01002526,0.395389
E01002527,0.359462
E01002528,0.287662
E01002529,0.41974
E01002530,0.26552
E01002531,0.357398
E01002533,0.349914
E01002534,0.434641
E01002535,0.517426
E01002536,0.465714
E01002537,0.517665
E01002538,0.380403
E01002539,0.403559
E01002540,0.319149
E01002541,0.384663
E01002542,0.263973
E01002543,0.305692
E01002544,0.359701
E01002545,0.23766
E01002546,0.27178
E01002547,0.315308
E01002548,0.278813
E01002549,0.335846
E01002550,0.343357
E01002551,0.258762
E01002552,0.297841
E01002553,0.270922
E01002555,0.327496
E01002556,0.310942
E01002557,0.306452
E01002558,0.27262
E01002559,0.318205
E01002560,0.273354
E01002561,0.270073
E01002562,0.404924
E01002563,0.526181
E01002564,0.424749
E01002565,0.500757
E01002567,0.524156
E01002569,0.657386
E01002570,0.591733
E01002571,0.689202
E01002572,0.41604
E01002573,0.681746
E01002574,0.662668
E01002575,0.64684
E01002576,0.540763
E01002577,0.626961
E01002578,0.624287
E01002579,0.635714
E01002580,0.559022
E01002581,0.668394
E01002582,0.661278
E01002583,0.338346
E01002584,0.274499
E01002585,0.277367
E01002586,0.301736
E01002587,0.344041
E01002588,0.29701
E01002589,0.332145
E01002590,0.31763
E01002591,0.28534
E01002592,0.301248
E01002593,0.302561
E01002594,0.332791
E01002595,0.273714
E01002596,0.325
E01002598,0.280713
E01002599,0.296926
E01002600,0.284418
E01002601,0.33193
E01002602,0.305556
E01002603,0.30513
E01002604,0.252467
E01002605,0.286122
E01002606,0.226328
E01002607,0.356691
E01002608,0.300207
E01002609,0.333797
E01002610,0.279423
E01002611,0.304136
E01002612,0.4092
E01002613,0.319355
E01002614,0.400372
E01002615,0.255302
E01002616,0.298611
E01002617,0.373293
E01002618,0.377198
E01002619,0.357988
E01002620,0.387401
E01002621,0.352605
E01002622,0.370611
E01002623,0.322825
E01002624,0.385206
E01002625,0.330981
E01002626,0.351976
E01002627,0.336109
E01002628,0.383929
E01002629,0.438363
E01002630,0.447718
E01002631,0.341816
E01002632,0.354049
E01002633,0.30579
E01002634,0.258216
E01002635,0.383178
E01002636,0.346675
E01002637,0.261317
E01002638,0.275
E01002639,0.435967
E01002640,0.432796
E01002641,0.42448
E01002643,0.42976
E01002645,0.382682
E01002646,0.315699
E01002647,0.34854
E01002649,0.390754
E01002650,0.402029
E01002651,0.373947
E01002652,0.361755
E01002653,0.421287
E01002654,0.392132
E01002655,0.406005
E01002656,0.421053
E01002657,0.434118
E01002658,0.515483
E01002659,0.448217
E01002660,0.358104
E01002661,0.335248
E01002662,0.441023
E01002663,0.31588
E01002665,0.319943
E01002666,0.299016
E01002667,0.520023
E01002668,0.49725
E01002669,0.330877
E01002670,0.479208
E01002671,0.469345
E01002672,0.400467
E01002673,0.25784
E01002674,0.569605
E01002675,0.544739
E01002676,0.560195
E01002677,0.504505
E01002678,0.517805
E01002679,0.497354
E01002680,0.510083
E01002681,0.430419
E01002682,0.474503
E01002686,0.308624
E01002687,0.669349
E01002689,0.582418
E01002690,0.6313
E01002691,0.552925
E01002692,0.640341
E01002693,0.61392
E01002694,0.389262
E01002695,0.577266
E01002696,0.676639
E01002697,0.439213
E01002698,0.683673
E01002699,0.598765
E01002700,0.718803
E01002701,0.466142
E01002702,0.482572
E01002703,0.554303
E01002704,0.533861
E01002706,0.521919
E01002707,0.556533
E01002708,0.510033
E01002709,0.45034
E01002710,0.448661
E01002711,0.594432
E01002712,0.588081
E01002713,0.381388
E01002714,0.714499
E01002715,0.408676
E01002716,0.464097
E01002717,0.616
E01002718,0.706514
E01002719,0.6912
E01002720,0.41918
E01002721,0.59384
E01002722,0.512863
E01002723,0.478166
E01002724,0.643463
E01002725,0.402904
E01002726,0.569026
E01002727,0.62748
E01002728,0.46843
E01002729,0.547727
E01002730,0.540179
E01002732,0.417431
E01002733,0.677134
E01002734,0.445498
E01002735,0.589258
E01002736,0.38455
E01002737,0.428016
E01002738,0.629002
E01002739,0.711664
E01002740,0.743824
E01002741,0.426136
E01002742,0.669697
E01002743,0.647436
E01002744,0.638005
E01002745,0.671244
E01002747,0.657524
E01002748,0.504478
E01002749,0.577406
E01002751,0.469541
E01002752,0.60995
E01002753,0.498397
E01002754,0.626087
E01002755,0.467472
E01002756,0.617967
E01002757,0.538124
E01002758,0.389918
E01002759,0.587227
E01002760,0.463736
E01002762,0.626761
E01002763,0.495575
E01002764,0.476064
E01002765,0.450813
E01002766,0.428011
E01002767,0.501865
E01002768,0.550143
E01002769,0.594053
E01002770,0.645221
E01002771,0.568926
E01002772,0.606843
E01002773,0.401716
E01002774,0.590022
E01002775,0.688006
E01002776,0.614092
E01002777,0.610158
E01002778,0.454191
E01002779,0.681575
E01002780,0.516454
E01002781,0.551239
E01002782,0.407048
E01002783,0.460406
E01002784,0.454671
E01002785,0.650314
E01002786,0.510863
E01002787,0.501207
E01002788,0.695844
E01002789,0.713282
E01002790,0.416165
E01002791,0.713372
E01002792,0.676341
E01002793,0.534461
E01002794,0.70585
E01002795,0.605914
E01002796,0.567398
E01002797,0.525284
E01002798,0.707933
E01002799,0.474326
E01002800,0.473579
E01002801,0.714835
E01002802,0.624921
E01002804,0.515625
E01002805,0.675528
E01002806,0.64723
E01002807,0.491975
E01002808,0.578067
E01002809,0.538248
E01002810,0.516064
E01002811,0.466047
E01002812,0.681922
E01002813,0.747619
E01002814,0.572747
E01002815,0.664767
E01002816,0.718294
E01002817,0.697128
E01002818,0.613893
E01002819,0.735169
E01002821,0.68898
E01002823,0.494329
E01002824,0.718165
E01002825,0.68689
E01002826,0.728128
E01002827,0.725105
E01002828,0.712302
E01002829,0.51245
E01002830,0.478261
E01002831,0.493333
E01002832,0.523843
E01002833,0.724008
E01002834,0.674976
E01002835,0.740679
E01002836,0.745374
E01002837,0.7375
E01002839,0.620325
E01002840,0.476571
E01002841,0.548387
E01002842,0.351741
E01002843,0.40942
E01002844,0.633929
E01002845,0.63189
E01002846,0.553885
E01002847,0.705128
E01002848,0.633184
E01002849,0.699454
E01002850,0.622098
E01002851,0.508104
E01002852,0.460883
E01002853,0.416
E01002854,0.400217
E01002855,0.4
E01002856,0.50513
E01002857,0.350258
E01002858,0.510399
E01002859,0.655515
E01002860,0.689727
E01002861,0.617476
E01002862,0.536585
E01002863,0.649068
E01002864,0.665812
E01002865,0.696339
E01002866,0.553073
E01002867,0.641333
E01002868,0.741055
E01002869,0.627451
E01002870,0.445087
E01002871,0.721903
E01002872,0.481091
E01002873,0.593416
E01002874,0.623834
E01002875,0.705056
E01002876,0.575051
E01002877,0.424485
E01002878,0.570433
E01002879,0.34302
E01002880,0.306952
E01002881,0.377138
E01002882,0.657175
E01002883,0.722576
E01002884,0.607367
E01002885,0.728643
E01002886,0.725561
E01002887,0.719828
E01002888,0.650106
E01002889,0.6
E01002890,0.709417
E01002891,0.659372
E01002892,0.713107
E01002893,0.662651
E01002894,0.656143
E01002896,0.684632
E01002897,0.625094
E01002898,0.619184
E01002899,0.549724
E01002900,0.717617
E01002901,0.551724
E01002902,0.661765
E01002903,0.684211
E01002904,0.29686
E01002905,0.393723
E01002906,0.4
E01002907,0.282631
E01002908,0.510748
E01002909,0.539901
E01002910,0.572519
E01002911,0.691877
E01002912,0.642209
E01002913,0.652406
E01002914,0.663337
E01002915,0.413854
E01002916,0.467456
E01002917,0.487847
E01002918,0.357091
E01002919,0.38125
E01002920,0.52484
E01002921,0.545153
E01002922,0.608501
E01002923,0.39501
E01002924,0.6094
E01002925,0.601476
E01002926,0.559157
E01002927,0.477721
E01002928,0.478703
E01002929,0.630499
E01002930,0.536386
E01002931,0.613325
E01002932,0.363861
E01002933,0.542308
E01002934,0.668331
E01002935,0.661152
E01002937,0.652367
E01002938,0.658472
E01002939,0.332819
E01002940,0.31213
E01002941,0.381737
E01002942,0.310619
E01002943,0.282627
E01002944,0.303116
E01002945,0.347826
E01002946,0.368378
E01002947,0.329314
E01002948,0.348798
E01002949,0.365606
E01002950,0.308633
E01002951,0.671316
E01002952,0.659686
E01002953,0.616071
E01002954,0.569272
E01002955,0.5392
E01002956,0.489708
E01002957,0.470403
E01002958,0.581273
E01002959,0.683213
E01002960,0.625
E01002961,0.627536
E01002962,0.450549
E01002963,0.537936
E01002964,0.47266
E01002965,0.539138
E01002966,0.576449
E01002967,0.683354
E01002968,0.588983
E01002969,0.307098
E01002970,0.425279
E01002971,0.584158
E01002972,0.52471
E01002973,0.340306
E01002974,0.54579
E01002975,0.460963
E01002976,0.425
E01002977,0.347729
E01002978,0.516214
E01002979,0.450558
E01002980,0.482788
E01002981,0.501139
E01002982,0.419536
E01002983,0.517091
E01002984,0.503009
E01002985,0.454817
E01002986,0.505474
E01002987,0.588619
E01002988,0.57761
E01002989,0.692211
E01002990,0.657754
E01002991,0.670304
E01002992,0.464
E01002993,0.64648
E01002994,0.590352
E01002995,0.650037
E01002996,0.559701
E01002997,0.612062
E01002998,0.490312
E01002999,0.596338
E01003000,0.431803
E01003001,0.42153
E01003002,0.451807
E01003003,0.433094
E01003004,0.388208
E01003005,0.342834
E01003006,0.581204
E01003007,0.568867
E01003008,0.610185
E01003009,0.5522
E01003010,0.64217
E01003011,0.665172
E01003013,0.671344
E01003014,0.453506
E01003015,0.488737
E01003016,0.436266
E01003017,0.481151
E01003018,0.722433
E01003019,0.720652
E01003020,0.660703
E01003021,0.382627
E01003022,0.628734
E01003023,0.592076
E01003024,0.469727
E01003025,0.53719
E01003026,0.734351
E01003027,0.803322
E01003028,0.715807
E01003029,0.706027
E01003030,0.787958
E01003031,0.646799
E01003032,0.588742
E01003033,0.656751
E01003034,0.594752
E01003035,0.696111
E01003036,0.625235
E01003037,0.470827
E01003038,0.729568
E01003039,0.767857
E01003040,0.712303
E01003041,0.508021
E01003042,0.60202
E01003043,0.64201
E01003044,0.434095
E01003045,0.340659
E01003046,0.442098
E01003047,0.557948
E01003048,0.345114
E01003049,0.452203
E01003050,0.663906
E01003051,0.558839
E01003052,0.434853
E01003053,0.677215
E01003054,0.780902
E01003055,0.619573
E01003056,0.671464
E01003057,0.526024
E01003058,0.69857
E01003059,0.412682
E01003060,0.455955
E01003061,0.545303
E01003062,0.625407
E01003063,0.438692
E01003064,0.688539
E01003065,0.412388
E01003066,0.44313
E01003067,0.587065
E01003068,0.485075
E01003069,0.431244
E01003070,0.426859
E01003071,0.751887
E01003072,0.701889
E01003073,0.520944
E01003074,0.676228
E01003075,0.414296
E01003076,0.554185
E01003077,0.609202
E01003078,0.685368
E01003079,0.477578
E01003080,0.575804
E01003081,0.535239
E01003082,0.448798
E01003083,0.5184
E01003084,0.627945
E01003085,0.533476
E01003086,0.383822
E01003087,0.343106
E01003088,0.554135
E01003089,0.466203
E01003090,0.676322
E01003091,0.566011
E01003092,0.488095
E01003093,0.427724
E01003094,0.61573
E01003095,0.699301
E01003096,0.671907
E01003097,0.449963
E01003098,0.588006
E01003099,0.579918
E01003100,0.748259
E01003101,0.513622
E01003102,0.621725
E01003104,0.606279
E01003105,0.473427
E01003106,0.601016
E01003107,0.67885
E01003108,0.475774
E01003110,0.643608
E01003111,0.385705
E01003112,0.508509
E01003113,0.543507
E01003114,0.629575
E01003115,0.554033
E01003116,0.526531
E01003117,0.575176
E01003118,0.592517
E01003119,0.537296
E01003120,0.494463
E01003121,0.367427
E01003122,0.609496
E01003123,0.630328
E01003124,0.481481
E01003125,0.358042
E01003126,0.468443
E01003127,0.554608
E01003128,0.465376
E01003129,0.577236
E01003130,0.560864
E01003131,0.658683
E01003132,0.401646
E01003133,0.580247
E01003134,0.597579
E01003135,0.543504
E01003136,0.561096
E01003137,0.467115
E01003138,0.752412
E01003139,0.42996
E01003140,0.417637
E01003141,0.451087
E01003142,0.411449
E01003143,0.362307
E01003144,0.557839
E01003145,0.486776
E01003146,0.424549
E01003147,0.479905
E01003148,0.601449
E01003149,0.559732
E01003150,0.468474
E01003151,0.464621
E01003152,0.648066
E01003153,0.635191
E01003154,0.481386
E01003155,0.568256
E01003156,0.657186
E01003157,0.75
E01003158,0.782923
E01003159,0.52816
E01003160,0.453973
E01003161,0.689435
E01003162,0.35775
E01003163,0.590977
E01003164,0.510021
E01003165,0.585347
E01003166,0.539712
E01003167,0.711913
E01003168,0.411504
E01003169,0.63594
E01003170,0.704272
E01003171,0.666902
E01003172,0.525822
E01003173,0.644116
E01003174,0.377764
E01003175,0.408805
E01003176,0.453722
E01003177,0.640916
E01003178,0.716429
E01003179,0.372868
E01003180,0.565693
E01003181,0.472618
E01003182,0.515782
E01003183,0.443066
E01003184,0.415945
E01003185,0.589275
E01003186,0.693364
E01003187,0.584382
E01003188,0.435294
E01003189,0.33685
E01003190,0.365641
E01003191,0.375969
E01003192,0.326458
E01003193,0.417867
E01003194,0.358611
E01003195,0.457429
E01003196,0.331361
E01003197,0.351824
E01003198,0.625308
E01003199,0.646371
E01003200,0.648734
E01003201,0.52514
E01003202,0.652305
E01003203,0.489083
E01003204,0.615152
E01003205,0.52381
E01003206,0.68492
E01003207,0.442573
E01003209,0.509171
E01003210,0.643443
E01003211,0.665414
E01003212,0.58032
E01003213,0.65623
E01003214,0.553134
E01003215,0.447464
E01003216,0.510965
E01003217,0.452397
E01003218,0.474878
E01003219,0.402151
E01003220,0.460421
E01003221,0.438866
E01003222,0.455745
E01003223,0.43949
E01003224,0.487537
E01003225,0.63102
E01003226,0.606948
E01003227,0.649735
E01003228,0.706393
E01003229,0.460118
E01003230,0.507557
E01003231,0.59166
E01003232,0.578241
E01003233,0.529766
E01003235,0.39356
E01003236,0.342165
E01003237,0.342901
E01003238,0.324864
E01003239,0.27592
E01003240,0.276554
E01003241,0.335059
E01003243,0.302698
E01003244,0.431818
E01003245,0.335256
E01003246,0.555388
E01003247,0.540931
E01003248,0.427044
E01003249,0.484848
E01003251,0.364804
E01003252,0.357983
E01003253,0.49036
E01003254,0.663445
E01003255,0.670595
E01003256,0.534659
E01003257,0.553459
E01003258,0.423658
E01003259,0.575691
E01003260,0.611238
E01003261,0.631877
E01003262,0.618314
E01003263,0.370107
E01003264,0.40776
E01003265,0.427215
E01003266,0.300725
E01003267,0.299286
E01003268,0.473177
E01003269,0.421384
E01003270,0.485069
E01003271,0.481425
E01003272,0.616637
E01003273,0.58119
E01003274,0.590484
E01003275,0.452954
E01003276,0.568385
E01003277,0.638194
E01003278,0.528018
E01003279,0.635559
E01003280,0.411671
E01003281,0.546472
E01003282,0.536811
E01003283,0.654425
E01003284,0.583277
E01003285,0.558291
E01003286,0.410145
E01003287,0.667336
E01003288,0.432387
E01003290,0.488372
E01003291,0.386623
E01003292,0.520275
E01003293,0.498418
E01003295,0.507368
E01003297,0.454416
E01003298,0.448643
E01003299,0.474754
E01003300,0.402696
E01003301,0.509707
E01003302,0.407457
E01003303,0.475601
E01003304,0.553525
E01003305,0.483447
E01003307,0.524768
E01003308,0.546919
E01003309,0.452438
E01003310,0.564697
E01003311,0.528652
E01003312,0.541488
E01003313,0.4435
E01003314,0.61129
E01003315,0.614035
E01003316,0.589658
E01003318,0.397971
E01003319,0.391395
E01003320,0.448868
E01003321,0.488685
E01003322,0.482887
E01003323,0.518845
E01003324,0.396726
E01003325,0.447666
E01003326,0.502183
E01003327,0.56512
E01003328,0.542761
E01003329,0.52322
E01003330,0.43771
E01003331,0.449556
E01003332,0.507463
E01003333,0.513296
E01003334,0.489086
E01003335,0.374576
E01003336,0.404702
E01003337,0.377393
E01003338,0.435202
E01003339,0.511299
E01003340,0.611989
E01003341,0.657095
E01003342,0.647785
E01003343,0.575207
E01003344,0.568263
E01003345,0.62018
E01003346,0.32917
E01003347,0.277778
E01003348,0.326196
E01003349,0.328947
E01003350,0.326686
E01003351,0.309881
E01003352,0.354577
E01003353,0.372438
E01003354,0.432845
E01003355,0.687747
E01003356,0.64806
E01003357,0.389045
E01003358,0.700133
E01003359,0.583333
E01003360,0.721424
E01003361,0.477085
E01003362,0.500445
E01003363,0.461538
E01003364,0.420151
E01003365,0.476871
E01003366,0.476224
E01003368,0.471388
E01003369,0.6
E01003370,0.590077
E01003371,0.577485
E01003372,0.444284
E01003373,0.33816
E01003374,0.363062
E01003375,0.354816
E01003376,0.366107
E01003377,0.309392
E01003378,0.376518
E01003379,0.306937
E01003380,0.655825
E01003381,0.653045
E01003382,0.636952
E01003383,0.708899
E01003384,0.738484
E01003385,0.737058
E01003386,0.364873
E01003387,0.375309
E01003388,0.339568
E01003389,0.377855
E01003390,0.335094
E01003391,0.299691
E01003392,0.40378
E01003393,0.509819
E01003394,0.399648
E01003395,0.407297
E01003396,0.526699
E01003397,0.467704
E01003398,0.453145
E01003399,0.67113
E01003400,0.70404
E01003401,0.709677
E01003402,0.736885
E01003403,0.719841
E01003404,0.712112
E01003405,0.380927
E01003406,0.395997
E01003407,0.478676
E01003408,0.508025
E01003409,0.336314
E01003410,0.390374
E01003411,0.390085
E01003412,0.350434
E01003413,0.438844
E01003414,0.382949
E01003415,0.404572
E01003416,0.379104
E01003417,0.340711
E01003418,0.273624
E01003419,0.335867
E01003420,0.34161
E01003421,0.428462
E01003422,0.349958
E01003423,0.625866
E01003424,0.654723
E01003425,0.613793
E01003426,0.570447
E01003427,0.457088
E01003428,0.666944
E01003429,0.363218
E01003430,0.341387
E01003431,0.302219
E01003432,0.283165
E01003433,0.337423
E01003434,0.365092
E01003435,0.387995
E01003436,0.344274
E01003437,0.380699
E01003438,0.325662
E01003439,0.378145
E01003440,0.378337
E01003441,0.339947
E01003442,0.676015
E01003443,0.712429
E01003444,0.684825
E01003445,0.583803
E01003446,0.598051
E01003447,0.421053
E01003448,0.444081
E01003449,0.389363
E01003450,0.31441
E01003451,0.347577
E01003452,0.315217
E01003453,0.396354
E01003454,0.654991
E01003455,0.614938
E01003456,0.700222
E01003457,0.752059
E01003458,0.698073
E01003459,0.551146
E01003460,0.675021
E01003461,0.75
E01003462,0.656522
E01003463,0.643649
E01003464,0.651082
E01003465,0.67784
E01003466,0.559384
E01003467,0.55893
E01003468,0.520971
E01003469,0.426616
E01003470,0.484242
E01003471,0.553299
E01003472,0.769703
E01003473,0.672881
E01003474,0.722903
E01003476,0.585413
E01003477,0.64585
E01003478,0.659364
E01003479,0.382304
E01003480,0.33043
E01003481,0.352159
E01003483,0.395773
E01003484,0.408532
E01003485,0.360863
E01003486,0.295181
E01003487,0.317801
E01003488,0.292969
E01003489,0.404752
E01003490,0.313342
E01003491,0.334189
E01003492,0.356729
E01003494,0.387324
E01003495,0.360731
E01003496,0.422242
E01003497,0.30467
E01003498,0.349833
E01003499,0.311075
E01003500,0.391435
E01003501,0.341176
E01003502,0.35325
E01003503,0.522062
E01003506,0.328889
E01003507,0.344636
E01003508,0.446285
E01003509,0.292229
E01003511,0.401565
E01003512,0.344354
E01003513,0.404782
E01003514,0.310957
E01003515,0.354973
E01003516,0.306067
E01003517,0.316901
E01003518,0.41753
E01003519,0.375661
E01003520,0.325371
E01003521,0.358779
E01003522,0.347271
E01003523,0.373494
E01003524,0.302027
E01003525,0.336108
E01003526,0.345748
E01003527,0.37013
E01003528,0.298246
E01003529,0.341714
E01003530,0.350166
E01003531,0.354572
E01003532,0.392493
E01003533,0.303905
E01003534,0.323864
E01003535,0.263234
E01003536,0.322581
E01003537,0.346633
E01003538,0.328068
E01003539,0.358766
E01003540,0.336486
E01003541,0.327668
E01003542,0.309994
E01003543,0.460632
E01003544,0.416898
E01003545,0.38721
E01003546,0.382796
E01003547,0.440994
E01003548,0.437867
E01003549,0.443473
E01003550,0.398688
E01003551,0.412351
E01003552,0.35438
E01003553,0.379937
E01003554,0.46789
E01003555,0.394896
E01003556,0.328358
E01003557,0.392674
E01003558,0.356481
E01003559,0.45005
E01003560,0.326005
E01003561,0.358621
E01003562,0.323004
E01003563,0.342905
E01003564,0.352097
E01003565,0.374444
E01003566,0.299224
E01003567,0.353224
E01003568,0.382798
E01003569,0.364067
E01003570,0.314815
E01003571,0.314741
E01003572,0.315709
E01003573,0.33295
E01003574,0.337907
E01003575,0.327141
E01003576,0.301527
E01003577,0.342059
E01003578,0.305516
E01003579,0.297636
E01003580,0.297097
E01003581,0.292756
E01003582,0.309421
E01003583,0.281643
E01003584,0.422324
E01003585,0.290652
E01003586,0.323467
E01003587,0.352097
E01003588,0.289365
E01003589,0.335196
E01003590,0.36252
E01003591,0.307555
E01003592,0.378738
E01003593,0.379788
E01003594,0.34523
E01003595,0.340426
E01003596,0.356535
E01003597,0.283973
E01003598,0.351978
E01003599,0.326241
E01003600,0.356654
E01003601,0.303384
E01003602,0.34662
E01003603,0.382148
E01003604,0.337176
E01003605,0.326019
E01003607,0.379834
E01003608,0.418112
E01003611,0.366227
E01003615,0.377345
E01003616,0.40117
E01003618,0.465739
E01003619,0.467871
E01003621,0.354839
E01003622,0.350758
E01003623,0.293899
E01003624,0.306845
E01003625,0.372549
E01003626,0.365314
E01003627,0.356788
E01003628,0.345921
E01003629,0.291417
E01003630,0.382909
E01003631,0.399618
E01003632,0.400394
E01003633,0.330117
E01003634,0.374024
E01003635,0.409731
E01003636,0.39422
E01003637,0.382521
E01003638,0.469606
E01003639,0.417336
E01003640,0.44108
E01003641,0.409478
E01003642,0.398193
E01003643,0.41502
E01003644,0.438893
E01003645,0.472883
E01003646,0.442159
E01003647,0.48
E01003648,0.445979
E01003649,0.45689
E01003650,0.419102
E01003651,0.454041
E01003652,0.472671
E01003653,0.454148
E01003654,0.430689
E01003655,0.533742
E01003656,0.303006
E01003657,0.377803
E01003658,0.363636
E01003659,0.40176
E01003660,0.420866
E01003661,0.364865
E01003662,0.385185
E01003663,0.375326
E01003664,0.39413
E01003665,0.386086
E01003666,0.40625
E01003668,0.573288
E01003669,0.564412
E01003670,0.469136
E01003671,0.520425
E01003672,0.492916
E01003673,0.545338
E01003674,0.565816
E01003675,0.478386
E01003676,0.44466
E01003677,0.453395
E01003678,0.459016
E01003679,0.443741
E01003680,0.417533
E01003681,0.39988
E01003682,0.437042
E01003683,0.328536
E01003684,0.345958
E01003685,0.322994
E01003686,0.30607
E01003688,0.344752
E01003689,0.421831
E01003690,0.493333
E01003691,0.422624
E01003692,0.473068
E01003693,0.465376
E01003694,0.41123
E01003695,0.413079
E01003696,0.404441
E01003697,0.449751
E01003698,0.379427
E01003699,0.410948
E01003700,0.360917
E01003701,0.400493
E01003702,0.443391
E01003703,0.379131
E01003704,0.378119
E01003705,0.407583
E01003706,0.375665
E01003707,0.393617
E01003708,0.384468
E01003709,0.401142
E01003710,0.375594
E01003711,0.389797
E01003712,0.325342
E01003713,0.361168
E01003714,0.353896
E01003715,0.344868
E01003716,0.439446
E01003718,0.426063
E01003719,0.390924
E01003720,0.293137
E01003721,0.351715
E01003722,0.367222
E01003723,0.328239
E01003724,0.391823
E01003725,0.391337
E01003726,0.415183
E01003727,0.302309
E01003729,0.33635
E01003730,0.310743
E01003731,0.356227
E01003732,0.348638
E01003733,0.364431
E01003734,0.312915
E01003735,0.345397
E01003736,0.343463
E01003737,0.398122
E01003738,0.37061
E01003739,0.368305
E01003740,0.367823
E01003741,0.342581
E01003742,0.332031
E01003743,0.334945
E01003744,0.426778
E01003745,0.508606
E01003746,0.448535
E01003747,0.511905
E01003748,0.543769
E01003749,0.517241
E01003750,0.45506
E01003751,0.40604
E01003752,0.482867
E01003753,0.430889
E01003754,0.435952
E01003755,0.413907
E01003756,0.405797
E01003757,0.374101
E01003759,0.518072
E01003760,0.435441
E01003761,0.305349
E01003762,0.5
E01003763,0.456397
E01003764,0.514063
E01003765,0.510721
E01003766,0.374092
E01003767,0.343311
E01003768,0.354209
E01003769,0.307167
E01003770,0.425397
E01003771,0.391209
E01003772,0.392754
E01003773,0.427319
E01003774,0.575875
E01003775,0.553114
E01003776,0.472837
E01003777,0.603083
E01003778,0.617269
E01003779,0.557091
E01003780,0.58405
E01003781,0.423457
E01003782,0.384122
E01003783,0.382462
E01003784,0.408858
E01003785,0.399359
E01003786,0.464142
E01003787,0.444357
E01003788,0.433286
E01003789,0.602716
E01003790,0.463415
E01003791,0.555366
E01003792,0.585814
E01003793,0.482213
E01003794,0.540518
E01003795,0.572906
E01003796,0.553191
E01003797,0.681818
E01003798,0.66323
E01003799,0.705788
E01003800,0.566968
E01003801,0.709193
E01003802,0.697449
E01003803,0.455574
E01003804,0.666433
E01003805,0.697747
E01003806,0.705935
E01003807,0.652396
E01003808,0.686014
E01003809,0.694277
E01003810,0.654867
E01003811,0.664693
E01003812,0.592313
E01003813,0.610681
E01003814,0.580984
E01003815,0.574097
E01003816,0.599082
E01003817,0.544304
E01003818,0.570033
E01003819,0.434719
E01003820,0.490529
E01003821,0.715859
E01003822,0.637705
E01003823,0.615797
E01003824,0.623824
E01003825,0.54699
E01003826,0.403237
E01003827,0.587444
E01003828,0.584352
E01003829,0.344519
E01003830,0.544355
E01003831,0.44727
E01003832,0.368335
E01003833,0.422981
E01003834,0.634307
E01003835,0.702447
E01003836,0.546522
E01003837,0.621429
E01003838,0.63757
E01003839,0.584987
E01003840,0.400142
E01003841,0.329853
E01003842,0.371662
E01003843,0.342419
E01003844,0.49617
E01003845,0.426564
E01003846,0.733483
E01003847,0.711736
E01003848,0.668627
E01003849,0.731844
E01003851,0.724033
E01003852,0.623377
E01003853,0.604733
E01003854,0.675176
E01003855,0.560567
E01003856,0.660465
E01003857,0.714996
E01003858,0.732315
E01003859,0.650936
E01003860,0.732915
E01003861,0.713748
E01003862,0.567003
E01003863,0.580193
E01003864,0.692633
E01003865,0.576855
E01003866,0.727623
E01003867,0.570406
E01003868,0.715328
E01003869,0.700375
E01003870,0.685276
E01003871,0.653392
E01003872,0.710815
E01003873,0.727745
E01003874,0.754894
E01003875,0.695853
E01003876,0.727662
E01003877,0.759899
E01003878,0.495146
E01003879,0.708668
E01003880,0.663934
E01003881,0.443604
E01003882,0.66877
E01003883,0.678827
E01003884,0.615823
E01003885,0.616852
E01003886,0.648049
E01003887,0.670667
E01003888,0.524289
E01003889,0.700651
E01003890,0.659817
E01003891,0.646703
E01003892,0.695913
E01003893,0.689906
E01003894,0.721014
E01003895,0.663977
E01003896,0.673431
E01003897,0.671069
E01003898,0.637043
E01003899,0.581579
E01003900,0.46503
E01003901,0.526003
E01003902,0.534483
E01003903,0.439906
E01003904,0.568838
E01003905,0.476374
E01003906,0.483285
E01003907,0.365559
E01003908,0.445118
E01003909,0.48
E01003910,0.476981
E01003911,0.488704
E01003912,0.371626
E01003913,0.633618
E01003914,0.641184
E01003915,0.529931
E01003916,0.521845
E01003917,0.554863
E01003918,0.456699
E01003919,0.576135
E01003920,0.461583
E01003921,0.56317
E01003922,0.501104
E01003923,0.521769
E01003924,0.409204
E01003925,0.460581
E01003926,0.444634
E01003929,0.651305
E01003930,0.504333
E01003932,0.512982
E01003933,0.593721
E01003934,0.674508
E01003935,0.362369
E01003936,0.613517
E01003937,0.646766
E01003938,0.481409
E01003939,0.637375
E01003940,0.459646
E01003941,0.644585
E01003942,0.463995
E01003943,0.460792
E01003945,0.657414
E01003946,0.589588
E01003947,0.384152
E01003948,0.665488
E01003949,0.635126
E01003950,0.488488
E01003951,0.615894
E01003952,0.683658
E01003953,0.706837
E01003954,0.694888
E01003955,0.653048
E01003956,0.703907
E01003957,0.677076
E01003958,0.575777
E01003960,0.571887
E01003961,0.35242
E01003963,0.413295
E01003966,0.37768
E01003969,0.548054
E01003971,0.456501
E01003972,0.47437
E01003973,0.42575
E01003975,0.487108
E01003976,0.606287
E01003977,0.466285
E01003979,0.520297
E01003980,0.431713
E01003981,0.489057
E01003983,0.363836
E01003984,0.528049
E01003986,0.419204
E01003987,0.39604
E01003988,0.396991
E01003989,0.48679
E01003990,0.398404
E01003991,0.382136
E01003992,0.412195
E01003993,0.404912
E01003994,0.537185
E01003995,0.496151
E01003997,0.54434
E01003998,0.564452
E01003999,0.475649
E01004000,0.54399
E01004001,0.386612
E01004002,0.61959
E01004003,0.442525
E01004004,0.517593
E01004005,0.512672
E01004006,0.535302
E01004007,0.407374
E01004008,0.439169
E01004010,0.451977
E01004011,0.45032
E01004012,0.491405
E01004013,0.492435
E01004014,0.405788
E01004015,0.597429
E01004016,0.617097
E01004017,0.624037
E01004018,0.682615
E01004019,0.573256
E01004020,0.472511
E01004021,0.73743
E01004023,0.463538
E01004024,0.404412
E01004028,0.534063
E01004029,0.687572
E01004030,0.564403
E01004031,0.632716
E01004032,0.745634
E01004033,0.557474
E01004034,0.450116
E01004035,0.396581
E01004036,0.4284
E01004037,0.476012
E01004038,0.493116
E01004039,0.493893
E01004040,0.372709
E01004041,0.375576
E01004042,0.359413
E01004043,0.478003
E01004044,0.403339
E01004045,0.453488
E01004046,0.658749
E01004047,0.450966
E01004048,0.598257
E01004049,0.519807
E01004050,0.749588
E01004051,0.726354
E01004052,0.687158
E01004053,0.719128
E01004054,0.686217
E01004055,0.364384
E01004056,0.576459
E01004057,0.604486
E01004058,0.763006
E01004059,0.771413
E01004060,0.543962
E01004061,0.704513
E01004062,0.593647
E01004063,0.662516
E01004064,0.50344
E01004065,0.654058
E01004066,0.530576
E01004067,0.461412
E01004068,0.454545
E01004069,0.761668
E01004070,0.662475
E01004071,0.588283
E01004072,0.690423
E01004073,0.716702
E01004074,0.748512
E01004075,0.768645
E01004076,0.339549
E01004077,0.346271
E01004078,0.310268
E01004079,0.397046
E01004080,0.346655
E01004081,0.387917
E01004082,0.341739
E01004083,0.249792
E01004084,0.472608
E01004085,0.47973
E01004086,0.432148
E01004087,0.41321
E01004088,0.212577
E01004089,0.291708
E01004090,0.266535
E01004091,0.500466
E01004092,0.518636
E01004093,0.55416
E01004094,0.435596
E01004095,0.543818
E01004096,0.458498
E01004097,0.438324
E01004098,0.535885
E01004099,0.436587
E01004100,0.408319
E01004101,0.393298
E01004102,0.51
E01004103,0.465297
E01004104,0.442292
E01004105,0.491975
E01004106,0.527138
E01004107,0.358327
E01004108,0.418902
E01004109,0.30312
E01004110,0.416465
E01004111,0.387001
E01004112,0.543924
E01004114,0.505929
E01004115,0.344684
E01004116,0.380015
E01004117,0.378565
E01004118,0.346181
E01004119,0.325893
E01004120,0.338487
E01004121,0.432607
E01004122,0.462289
E01004123,0.32214
E01004124,0.284876
E01004125,0.260694
E01004126,0.2743
E01004127,0.299006
E01004128,0.3125
E01004129,0.248141
E01004130,0.327273
E01004131,0.323589
E01004132,0.298812
E01004133,0.337684
E01004134,0.328725
E01004135,0.335917
E01004136,0.31221
E01004137,0.544963
E01004138,0.423937
E01004139,0.426929
E01004140,0.315464
E01004141,0.340379
E01004143,0.431631
E01004144,0.418815
E01004145,0.384528
E01004146,0.412331
E01004147,0.318874
E01004148,0.326515
E01004149,0.365101
E01004150,0.419059
E01004151,0.493999
E01004152,0.445524
E01004153,0.492995
E01004154,0.561345
E01004155,0.479734
E01004156,0.543331
E01004157,0.495635
E01004158,0.479941
E01004159,0.340078
E01004160,0.442471
E01004161,0.411028
E01004162,0.480769
E01004163,0.308931
E01004164,0.37074
E01004165,0.38604
E01004166,0.391924
E01004167,0.281906
E01004168,0.314844
E01004169,0.421423
E01004170,0.463514
E01004171,0.409706
E01004172,0.362509
E01004173,0.359471
E01004174,0.429137
E01004175,0.353362
E01004176,0.409659
E01004177,0.335612
E01004178,0.389653
E01004179,0.453426
E01004180,0.470185
E01004181,0.380171
E01004182,0.314024
E01004183,0.28032
E01004184,0.293593
E01004185,0.375474
E01004186,0.397474
E01004187,0.28003
E01004189,0.257966
E01004190,0.440246
E01004191,0.377627
E01004192,0.455973
E01004193,0.444869
E01004194,0.356067
E01004195,0.425912
E01004196,0.404289
E01004198,0.373147
E01004199,0.347662
E01004200,0.613519
E01004201,0.490267
E01004202,0.55852
E01004203,0.495809
E01004204,0.425614
E01004205,0.381957
E01004206,0.310345
E01004207,0.475694
E01004208,0.606218
E01004209,0.326151
E01004211,0.619387
E01004212,0.520237
E01004214,0.325301
E01004216,0.547471
E01004217,0.463415
E01004218,0.570545
E01004219,0.517439
E01004221,0.529883
E01004222,0.375616
E01004223,0.375713
E01004226,0.475733
E01004228,0.58693
E01004229,0.465214
E01004230,0.483853
E01004231,0.40135
E01004232,0.638947
E01004233,0.42623
E01004234,0.618182
E01004235,0.342026
E01004236,0.280265
E01004237,0.456617
E01004239,0.283571
E01004240,0.320061
E01004241,0.307074
E01004243,0.334768
E01004244,0.35413
E01004245,0.474138
E01004247,0.3645
E01004248,0.340457
E01004249,0.326419
E01004251,0.431221
E01004255,0.399383
E01004256,0.349035
E01004257,0.329928
E01004258,0.604928
E01004259,0.595498
E01004260,0.41087
E01004263,0.338753
E01004264,0.306159
E01004266,0.46606
E01004267,0.501371
E01004268,0.399449
E01004270,0.552993
E01004271,0.514194
E01004272,0.371864
E01004274,0.434286
E01004275,0.475933
E01004276,0.747446
E01004277,0.767265
E01004280,0.486191
E01004281,0.644838
E01004283,0.387685
E01004286,0.378926
E01004287,0.362899
E01004288,0.319256
E01004289,0.357369
E01004290,0.47133
E01004291,0.679977
E01004292,0.740233
E01004293,0.706897
E01004295,0.388966
E01004296,0.565661
E01004297,0.694925
E01004298,0.346488
E01004300,0.351017
E01004301,0.414996
E01004302,0.386179
E01004303,0.446078
E01004304,0.34296
E01004305,0.380262
E01004306,0.507772
E01004307,0.705029
E01004308,0.459167
E01004309,0.442913
E01004310,0.5306
E01004311,0.483762
E01004312,0.382819
E01004313,0.450786
E01004315,0.526237
E01004316,0.556948
E01004319,0.405268
E01004321,0.464983
E01004322,0.437931
E01004323,0.43795
E01004324,0.348101
E01004326,0.475313
E01004327,0.336229
E01004328,0.437882
E01004329,0.429558
E01004330,0.491266
E01004331,0.471132
E01004332,0.414403
E01004333,0.422656
E01004334,0.338742
E01004335,0.285714
E01004336,0.383695
E01004337,0.395349
E01004338,0.415991
E01004339,0.52449
E01004340,0.367294
E01004341,0.357054
E01004342,0.444444
E01004343,0.445201
E01004344,0.353599
E01004345,0.422128
E01004346,0.415755
E01004347,0.545179
E01004348,0.506443
E01004349,0.318219
E01004350,0.269782
E01004351,0.339312
E01004352,0.438618
E01004353,0.399212
E01004354,0.409387
E01004355,0.372713
E01004356,0.297593
E01004357,0.327508
E01004358,0.383553
E01004359,0.387473
E01004360,0.338813
E01004361,0.348485
E01004362,0.54908
E01004363,0.483645
E01004364,0.407697
E01004365,0.334511
E01004366,0.468165
E01004367,0.409771
E01004368,0.427039
E01004369,0.475387
E01004370,0.541593
E01004371,0.519159
E01004372,0.588538
E01004373,0.441603
E01004374,0.503094
E01004375,0.444719
E01004376,0.444238
E01004377,0.42867
E01004378,0.450272
E01004379,0.465894
E01004380,0.388377
E01004381,0.46478
E01004382,0.374422
E01004383,0.405873
E01004384,0.25458
E01004385,0.404898
E01004386,0.419656
E01004387,0.414634
E01004388,0.420213
E01004389,0.28974
E01004390,0.293935
E01004391,0.545741
E01004392,0.489476
E01004393,0.475362
E01004394,0.443362
E01004395,0.549664
E01004396,0.462904
E01004397,0.518427
E01004398,0.314181
E01004399,0.305038
E01004400,0.435166
E01004401,0.516739
E01004402,0.392588
E01004403,0.463427
E01004404,0.4069
E01004405,0.508053
E01004406,0.467645
E01004407,0.321794
E01004408,0.551148
E01004409,0.532143
E01004410,0.438878
E01004411,0.532268
E01004412,0.588438
E01004413,0.291022
E01004414,0.328472
E01004415,0.294609
E01004416,0.397689
E01004417,0.348761
E01004418,0.35592
E01004419,0.413306
E01004420,0.376734
E01004421,0.345066
E01004422,0.459408
E01004423,0.366788
E01004424,0.376424
E01004425,0.501916
E01004426,0.389481
E01004427,0.462174
E01004428,0.309068
E01004429,0.419244
E01004430,0.518959
E01004432,0.447299
E01004434,0.372922
E01004435,0.410391
E01004436,0.492936
E01004437,0.491826
E01004438,0.514365
E01004439,0.497794
E01004440,0.52007
E01004441,0.553712
E01004442,0.544393
E01004443,0.510428
E01004444,0.49635
E01004445,0.459264
E01004446,0.503864
E01004447,0.514667
E01004448,0.478204
E01004449,0.295333
E01004450,0.304755
E01004451,0.300938
E01004452,0.312871
E01004453,0.290277
E01004454,0.336236
E01004455,0.347578
E01004456,0.282222
E01004457,0.561494
E01004458,0.460123
E01004459,0.289389
E01004460,0.478288
E01004462,0.531879
E01004463,0.632234
E01004464,0.441477
E01004465,0.541499
E01004466,0.616338
E01004467,0.411435
E01004468,0.551455
E01004469,0.378453
E01004470,0.458915
E01004471,0.448529
E01004472,0.740157
E01004473,0.711864
E01004474,0.758315
E01004475,0.711944
E01004476,0.722663
E01004477,0.759027
E01004478,0.751761
E01004479,0.750607
E01004480,0.794393
E01004481,0.732423
E01004482,0.649071
E01004483,0.684095
E01004484,0.705207
E01004485,0.686537
E01004486,0.71978
E01004487,0.693536
E01004488,0.681734
E01004489,0.666361
E01004490,0.733226
E01004491,0.553761
E01004492,0.607884
E01004493,0.631546
E01004494,0.61045
E01004495,0.504935
E01004496,0.731283
E01004497,0.615587
E01004498,0.76
E01004499,0.682143
E01004500,0.685535
E01004501,0.573496
E01004502,0.727538
E01004503,0.663729
E01004504,0.653213
E01004505,0.712644
E01004506,0.744338
E01004507,0.735096
E01004508,0.721186
E01004510,0.678484
E01004511,0.759287
E01004512,0.680272
E01004513,0.581639
E01004514,0.706762
E01004515,0.658086
E01004516,0.51797
E01004517,0.558525
E01004518,0.554604
E01004519,0.504613
E01004520,0.449508
E01004521,0.542893
E01004522,0.481004
E01004523,0.545725
E01004524,0.415172
E01004525,0.5733
E01004526,0.576534
E01004527,0.60114
E01004528,0.462222
E01004529,0.611584
E01004530,0.617551
E01004531,0.559574
E01004532,0.620135
E01004533,0.548605
E01004534,0.711397
E01004535,0.36194
E01004536,0.615537
E01004537,0.474292
E01004538,0.524519
E01004539,0.383895
E01004540,0.569263
E01004541,0.423538
E01004542,0.746245
E01004543,0.777104
E01004544,0.706951
E01004545,0.791527
E01004546,0.759027
E01004547,0.607461
E01004548,0.646111
E01004549,0.664306
E01004550,0.625678
E01004551,0.682203
E01004552,0.788796
E01004553,0.732394
E01004554,0.785168
E01004555,0.755591
E01004556,0.780362
E01004557,0.681476
E01004558,0.729906
E01004559,0.704525
E01004560,0.65172
E01004563,0.47527
E01004564,0.644618
E01004565,0.666894
E01004566,0.696281
E01004567,0.426004
E01004568,0.285201
E01004569,0.3831
E01004570,0.352273
E01004571,0.39647
E01004572,0.509716
E01004573,0.402616
E01004574,0.327709
E01004575,0.310649
E01004576,0.470492
E01004577,0.616117
E01004579,0.630076
E01004580,0.635848
E01004581,0.625478
E01004582,0.633402
E01004583,0.570292
E01004584,0.382671
E01004585,0.733951
E01004586,0.769139
E01004587,0.759459
E01004588,0.783268
E01004589,0.767615
E01004590,0.500316
E01004591,0.602053
E01004592,0.510534
E01004593,0.660462
E01004594,0.693847
E01004595,0.661312
E01004596,0.702978
E01004597,0.64024
E01004598,0.773006
E01004599,0.750643
E01004601,0.620192
E01004602,0.741821
E01004604,0.763519
E01004605,0.644399
E01004606,0.77613
E01004607,0.727745
E01004608,0.676651
E01004609,0.75354
E01004610,0.598844
E01004611,0.637747
E01004612,0.521802
E01004613,0.52208
E01004614,0.568845
E01004615,0.42714
E01004616,0.632957
E01004617,0.534483
E01004618,0.701575
E01004619,0.712946
E01004620,0.654157
E01004621,0.654391
E01004622,0.428996
E01004623,0.676491
E01004624,0.589684
E01004625,0.703483
E01004626,0.730159
E01004627,0.674175
E01004628,0.546947
E01004629,0.672334
E01004630,0.394231
E01004631,0.566162
E01004632,0.623472
E01004633,0.408484
E01004634,0.600162
E01004635,0.533481
E01004636,0.528175
E01004637,0.505804
E01004638,0.705566
E01004639,0.608455
E01004640,0.752281
E01004641,0.556622
E01004642,0.494076
E01004643,0.556223
E01004644,0.564016
E01004645,0.397965
E01004646,0.557775
E01004647,0.583118
E01004648,0.68737
E01004649,0.698849
E01004650,0.725361
E01004651,0.723323
E01004652,0.694823
E01004653,0.645858
E01004654,0.706729
E01004656,0.660755
E01004657,0.702457
E01004658,0.648241
E01004659,0.712392
E01004660,0.696457
E01004661,0.651464
E01004662,0.77649
E01004663,0.640379
E01004665,0.354756
E01004668,0.496241
E01004669,0.461754
E01004670,0.31534
E01004674,0.43223
E01004675,0.460685
E01004676,0.582555
E01004677,0.546075
E01004678,0.477612
E01004679,0.469822
E01004680,0.651515
E01004681,0.667855
E01004682,0.683193
E01004683,0.628659
E01004684,0.504829
E01004686,0.578906
E01004687,0.665816
E01004690,0.578431
E01004691,0.601578
E01004692,0.586729
E01004693,0.682261
E01004694,0.694239
E01004695,0.675703
E01004696,0.491498
E01004697,0.674477
E01004698,0.66421
E01004699,0.71977
E01004700,0.720211
E01004701,0.752273
E01004702,0.3882
E01004703,0.659064
E01004705,0.760766
E01004706,0.782473
E01004707,0.778131
E01004708,0.650711
E01004709,0.521254
E01004710,0.432432
E01004711,0.440752
E01004712,0.684131
E01004713,0.753484
E01004714,0.694015
E01004715,0.581962
E01004716,0.702174
E01004717,0.71848
E01004718,0.425439
E01004719,0.436446
E01004720,0.41441
E01004721,0.360907
E01004722,0.355391
E01004723,0.492267
E01004724,0.611312
E01004725,0.612758
E01004726,0.671044
E01004727,0.683554
E01004728,0.607253
E01004729,0.496177
E01004730,0.694053
E01004731,0.704927
E01004732,0.380577
E01004733,0.66829
E01004734,0.565163
E01004735,0.584937
E01004736,0.581429
E01004737,0.513595
E01004740,0.470844
E01004741,0.596616
E01004742,0.735979
E01004743,0.55339
E01004744,0.505146
E01004746,0.493566
E01004747,0.617184
E01004748,0.701051
E01004749,0.675385
E01004750,0.523944
E01004751,0.633821
E01004752,0.576105
E01004753,0.617756
E01004754,0.372611
E01004755,0.506298
E01004756,0.609351
E01004757,0.419283
E01004760,0.485675
E01004761,0.664879
E01004762,0.547398
E01004763,0.658588
E01004765,0.618634
E01032512,0.374534
E01032513,0.371486
E01032562,0.331654
E01032563,0.495805
E01032564,0.309237
E01032565,0.285714
E01032566,0.293298
E01032567,0.355639
E01032568,0.306883
E01032569,0.306154
E01032570,0.270347
E01032572,0.649677
E01032573,0.64467
E01032574,0.314779
E01032575,0.287201
E01032576,0.437175
E01032577,0.397857
E01032579,0.585864
E01032580,0.285714
E01032581,0.333557
E01032582,0.601884
E01032583,0.56996
E01032584,0.527473
E01032623,0.545819
E01032637,0.872781
E01032638,0.830932
E01032639,0.601379
E01032640,0.84919
E01032646,0.720845
E01032719,0.557338
E01032739,0.771373
E01032740,0.808747
E01032741,0.459902
E01032742,0.385616
E01032743,0.362879
E01032744,0.286624
E01032764,0.63001
E01032765,0.477181
E01032767,0.718667
E01032768,0.783445
E01032769,0.656915
E01032770,0.71534
E01032771,0.716912
E01032772,0.597409
E01032774,0.555403
E01032775,0.752257
E01032776,0.692265
E01032777,0.594013
E01032779,0.711938
E01032780,0.719101
E01032781,0.626722
E01032782,0.622177
E01032783,0.525573
E01032784,0.619595
E01032785,0.660377
E01032786,0.4575
E01032787,0.356221
E01032788,0.618003
E01032789,0.66565
E01032790,0.602423
E01032803,0.761799
E01032834,0.843017
E01033000,0.307099
E01033030,0.643068
E01033081,0.547872
E01033082,0.461977
E01033083,0.623259
E01033084,0.402439
E01033086,0.342708
E01033098,0.80292
E01033099,0.663372
E01033100,0.597722
E01033132,0.726867
E01033133,0.70075
E01033135,0.783784
E01033146,0.26455
E01033148,0.316607
E01033150,0.398276
E01033151,0.249766
E01033208,0.706579
E01033320,0.555556
E01033322,0.603499
E01033324,0.519368
E01033325,0.745928
E01033327,0.627845
E01033341,0.465534
E01033455,0.321978
E01033456,0.338098
E01033457,0.383706
E01033463,0.385196
E01033485,0.37124
E01033486,0.482204
E01033487,0.818526
E01033488,0.596419
E01033489,0.709158
E01033490,0.604299
E01033491,0.626612
E01033493,0.843333
E01033494,0.686228
E01033569,0.644809
E01033570,0.714382
E01033571,0.611611
E01033579,0.646536
E01033580,0.650673
E01033581,0.405609
E01033582,0.567164
E01033584,0.346125
E01033586,0.494131
E01033587,0.517357
E01033589,0.562453
E01033590,0.423212
E01033591,0.423706
E01033592,0.393779
E01033593,0.638627
E01033594,0.593367
E01033597,0.55137
E01033598,0.33045
E01033599,0.429644
E01033601,0.325772
E01033602,0.345749
E01033603,0.55885
E01033604,0.407588
E01033605,0.381791
E01033699,0.696541
E01033700,0.705282
E01033702,0.478302
E01033703,0.549876
E01033704,0.723476
E01033705,0.480071
E01033706,0.723088
E01033708,0.747899
E01033709,0.565499
E01033710,0.605351
E01033711,0.722832
E01033712,0.589105
E01033713,0.634296
E01033727,0.508749
E01033728,0.71956
E01033729,0.261822
E01033732,0.639269
E01033734,0.651466
E01033735,0.509214
E01033736,0.749878
E01033737,0.445232
E01033738,0.61503
E01033739,0.499208
E01033740,0.474262
E01033741,0.315626
E01033742,0.55855
E01033743,0.438869
E01033744,0.396241
E01033745,0.42902
E01033746,0.624689
E01033784,0.355823
E01033785,0.507286
E01033786,0.545639
E01033787,0.566055
E01033788,0.321222
E01033789,0.544507
E01033790,0.287685
E01033791,0.293953
E01033792,0.326165
E01033862,0.689494
E01033863,0.420303
E01033864,0.392576
E01033865,0.622392
E01033866,0.774163
E01033867,0.516382
E01033868,0.637931
E01033869,0.496435
E01033870,0.696891
E01033871,0.528763
E01033872,0.594835
E01033873,0.470548
E01033874,0.804267
E01033875,0.57646
E01033876,0.721934
E01033877,0.542966
E01033878,0.443826
E01033879,0.374934
E01033880,0.467638
E01033881,0.386034
E01033882,0.471498
E01033883,0.497731
E01033884,0.68
E01033885,0.552028
E01033911,0.543391
E01033912,0.637739
E01033913,0.375979
E01033914,0.33829
E01033915,0.490821
E01033916,0.381534
E01033917,0.592413
E01033918,0.551852
E01033919,0.657018
E01033920,0.602987
E01033921,0.588235
E01033922,0.573529
E01033923,0.474731
E01033924,0.389076
E01033925,0.458512
E01033926,0.303079
E01033927,0.439689
E01033928,0.467787
E01033929,0.567669
E01033930,0.372306
E01033931,0.378558
E01033932,0.351893
E01033933,0.244787
E01033934,0.260097
E01033935,0.324142
E01033936,0.411808
E01033937,0.333333
E01033938,0.3524
E01033939,0.563313
E01033940,0.533586
E01033941,0.607085
E01033942,0.624138
E01033943,0.47067
E01033944,0.431507
E01033945,0.595708
E01033946,0.69083
E01034026,0.429235
E01034027,0.360958
E01034028,0.501419
E01034029,0.644757
E01034030,0.621072
E01034031,0.716746
E01034032,0.467699
E01034033,0.647811
E01034034,0.598731
E01034035,0.554217
E01034036,0.421053
E01034037,0.462396
E01034038,0.435178
E01034039,0.372245
E01034040,0.358417
E01034041,0.36309
E01034042,0.494277
E01034043,0.5
E01034044,0.641584
E01034045,0.619048
E01034046,0.298928
E01034139,0.383345
E01034140,0.494217
E01034141,0.548121
E01034142,0.448785
E01034143,0.584685
E01034144,0.464896
E01034145,0.354617
E01034146,0.546243
E01034147,0.705078
E01034148,0.644218
E01034149,0.536379
E01034150,0.529907
E01034151,0.657
E01034152,0.43538
E01034153,0.380385
E01034154,0.597468
E01034155,0.403101
E01034156,0.537925
E01034173,0.348611
E01034174,0.600966
E01034175,0.751318
E01034176,0.315129
E01034177,0.525682
E01034178,0.726686
E01034179,0.534314
E01034180,0.419588
E01034181,0.650914
E01034182,0.681445
E01034183,0.70082
E01034184,0.696573
E01034185,0.671875
E01034186,0.742558
E01034187,0.590827
E01034188,0.727979
E01034189,0.817383
E01034190,0.405325
E01034191,0.723655
E01034192,0.576093
E01034193,0.661074
E01034194,0.763801
E01034195,0.620316
E01034196,0.746505
E01034198,0.443548
E01034199,0.392143
E01034200,0.633309
E01034201,0.398674
E01034202,0.407204
E01034203,0.459108
E01034204,0.325317
E01034205,0.453006
E01034206,0.505747
E01034207,0.693574
E01034208,0.358799
E01034209,0.722393
E01034210,0.652726
E01034211,0.794399
E01034212,0.721092
E01034213,0.703371
E01034214,0.729809
E01034215,0.703533
E01034216,0.70662
E01034217,0.705724
E01034218,0.469625
E01034219,0.62585
E01034220,0.771115
E01034221,0.606258
E01034222,0.636502
E01034223,0.692691
E01034224,0.456664
E01034225,0.509091
E01034226,0.655411
E01034227,0.547706
E01034228,0.75729
E01034229,0.59751
E01034230,0.785408
E01034231,0.782939
E01034383,0.477336
E01034384,0.624879
E01034385,0.537162
E01034386,0.657845
E01034387,0.794697
E01034388,0.694542
E01034389,0.51582
E01034390,0.624691
E01034391,0.59434
E01034392,0.498638
E01034393,0.78865
E01034394,0.786842
E01034395,0.525829
E01034469,0.5
E01034470,0.33546
E01034471,0.366509
E01034472,0.454688
E01034473,0.417989
E01034474,0.527845
E01034475,0.291066
E01034476,0.421774
E01034477,0.497217
E01034478,0.598131
E01034479,0.350667
E01034480,0.43371
E01034481,0.385475
E01034482,0.720812
E01034483,0.547889
E01034484,0.339098
E01034485,0.51718
E01034486,0.75098
E01034487,0.358025
E01034488,0.284307
E01034576,0.723633
E01034577,0.623726
E01034578,0.517689
E01034579,0.63871
E01034580,0.501142
E01034581,0.676791
E01034589,0.493954
E01034590,0.673148
E01034591,0.331669
E01034592,0.340107
E01034593,0.464646
E01034594,0.609225
E01034595,0.551341
E01034596,0.714985
E01034597,0.535413
E01034598,0.722736
E01034599,0.384214
E01034600,0.482897
E01034601,0.461258
E01034602,0.495629
E01034603,0.660836
E01034604,0.387894
E01034605,0.505221
E01034606,0.313303
E01034607,0.402067
E01034608,0.467504
E01034609,0.474599
E01034610,0.33871
E01034611,0.346652
E01034612,0.319071
E01034613,0.554878
E01034614,0.481431
E01034615,0.427669
E01034616,0.52623
E01034617,0.383938
E01035484,0.616951
E01035485,0.585828
E01035486,0.623736
E01035487,0.538754
E01035488,0.741018
E01035489,0.735816
E01035490,0.715541
E01035491,0.770053
E01035492,0.775934
E01035493,0.667354
E01035494,0.781686
E01035495,0.330716
E01035496,0.726576
E01035497,0.587489
E01035498,0.798148
E01035499,0.398778
E01035638,0.627714
E01035639,0.563712
E01035640,0.615449
E01035641,0.663423
E01035642,0.667303
E01035643,0.613267
E01035644,0.744361
E01035645,0.479167
E01035646,0.537834
E01035647,0.841223
E01035648,0.450858
E01035649,0.673013
E01035650,0.49263
E01035651,0.607858
E01035652,0.658348
E01035653,0.818469
E01035654,0.63031
E01035655,0.58715
E01035656,0.640344
E01035657,0.79375
E01035658,0.720974
E01035659,0.415826
E01035660,0.508743
E01035661,0.459105
E01035662,0.798867
E01035663,0.601727
E01035664,0.528592
E01035665,0.694147
E01035666,0.48577
E01035667,0.4
E01035668,0.551629
E01035669,0.650453
E01035670,0.285752
E01035671,0.602748
E01035672,0.376026
E01035673,0.543784
E01035674,0.553172
E01035675,0.457375
E01035676,0.348896
E01035677,0.512315
E01035678,0.530572
E01035679,0.492687
E01035680,0.584065
E01035681,0.332902
E01035682,0.482664
E01035683,0.306533
E01035684,0.409809
E01035685,0.277401
E01035686,0.5266
E01035687,0.584345
E01035688,0.64654
E01035689,0.60355
E01035690,0.598204
E01035691,0.660131
E01035692,0.531303
E01035693,0.552632
E01035694,0.409552
E01035695,0.344584
E01035696,0.733204
E01035697,0.608006
E01035698,0.709554
E01035699,0.616084
E01035700,0.788655
E01035701,0.786667
E01035702,0.572148
E01035703,0.717925
E01035704,0.546908
E01035705,0.439003
E01035706,0.713208
E01035707,0.642363
E01035708,0.595732
E01035709,0.36725
E01035710,0.348858
E01035711,0.424495
E01035712,0.444545
E01035713,0.689936
E01035714,0.638106
E01035715,0.638911
E01035716,0.60229
E01035717,0.652378
E01035718,0.470486
E01035719,0.662443
E01035720,0.575729
E01035721,0.545635
E01035722,0.656716
