LSOA_code,GH_Ratio
E01000001,0.9
E01000002,0.91
E01000003,0.85
E01000005,0.81
E01032739,0.93
E01032740,0.93
E01000006,0.85
E01000007,0.88
E01000008,0.84
E01000009,0.85
E01000011,0.86
E01000012,0.87
E01000013,0.82
E01000014,0.83
E01000015,0.85
E01000016,0.84
E01000017,0.82
E01000018,0.83
E01000019,0.83
E01000020,0.8
E01000021,0.82
E01000022,0.84
E01000024,0.82
E01000025,0.82
E01000027,0.8
E01000028,0.81
E01000029,0.82
E01000030,0.84
E01000031,0.84
E01000032,0.83
E01000033,0.79
E01000034,0.78
E01000035,0.82
E01000036,0.84
E01000037,0.85
E01000038,0.83
E01000039,0.85
E01000040,0.83
E01000041,0.86
E01000042,0.83
E01000043,0.84
E01000044,0.85
E01000045,0.83
E01000046,0.83
E01000049,0.86
E01000050,0.84
E01000051,0.92
E01000052,0.85
E01000053,0.81
E01000054,0.84
E01000055,0.82
E01000056,0.8
E01000057,0.84
E01000058,0.83
E01000059,0.8
E01000060,0.83
E01000061,0.82
E01000062,0.85
E01000063,0.83
E01000064,0.82
E01000065,0.77
E01000066,0.84
E01000067,0.82
E01000068,0.85
E01000069,0.87
E01000070,0.84
E01000071,0.86
E01000072,0.84
E01000073,0.83
E01000074,0.82
E01000075,0.83
E01000076,0.81
E01000077,0.8
E01000078,0.82
E01000079,0.81
E01000080,0.83
E01000081,0.84
E01000082,0.84
E01000083,0.81
E01000084,0.81
E01000085,0.84
E01000086,0.8
E01000087,0.84
E01000088,0.84
E01000089,0.87
E01000090,0.87
E01000091,0.84
E01000093,0.82
E01000094,0.89
E01000095,0.87
E01000096,0.86
E01000097,0.81
E01000098,0.81
E01000099,0.85
E01000100,0.83
E01000101,0.81
E01000102,0.82
E01000103,0.84
E01000104,0.84
E01000105,0.81
E01000106,0.83
E01000107,0.83
E01000108,0.86
E01000110,0.86
E01000111,0.84
E01000112,0.87
E01000113,0.87
E01000114,0.87
E01032580,0.83
E01033587,0.9
E01034469,0.9
E01034470,0.84
E01034471,0.89
E01034472,0.91
E01034473,0.86
E01034474,0.89
E01034475,0.82
E01034476,0.88
E01034477,0.91
E01034478,0.92
E01034479,0.87
E01000115,0.85
E01000116,0.85
E01000117,0.82
E01000118,0.87
E01000119,0.84
E01000120,0.85
E01000121,0.76
E01000122,0.86
E01000123,0.87
E01000124,0.84
E01000126,0.84
E01000127,0.83
E01000128,0.84
E01000129,0.83
E01000130,0.83
E01000131,0.86
E01000132,0.84
E01000133,0.8
E01000134,0.84
E01000135,0.85
E01000136,0.87
E01000137,0.83
E01000138,0.83
E01000139,0.87
E01000140,0.88
E01000141,0.85
E01000142,0.84
E01000143,0.82
E01000144,0.86
E01000145,0.87
E01000146,0.86
E01000147,0.87
E01000150,0.86
E01000151,0.82
E01000152,0.9
E01000153,0.82
E01000154,0.86
E01000156,0.89
E01000157,0.87
E01000158,0.85
E01000159,0.85
E01000160,0.89
E01000161,0.83
E01000162,0.8
E01000163,0.83
E01000164,0.84
E01000165,0.84
E01000166,0.83
E01000167,0.81
E01000168,0.86
E01000169,0.86
E01000170,0.84
E01000171,0.87
E01000172,0.86
E01000173,0.88
E01000174,0.84
E01000175,0.89
E01000176,0.77
E01000177,0.9
E01000178,0.88
E01000179,0.9
E01000180,0.83
E01000181,0.89
E01000182,0.87
E01000183,0.83
E01000184,0.85
E01000185,0.79
E01000186,0.9
E01000187,0.86
E01000188,0.87
E01000189,0.88
E01000190,0.86
E01000191,0.86
E01000192,0.87
E01000193,0.86
E01000194,0.86
E01000195,0.81
E01000196,0.83
E01000197,0.87
E01000198,0.9
E01000199,0.86
E01000200,0.86
E01000201,0.89
E01000202,0.89
E01000203,0.85
E01000204,0.86
E01000205,0.89
E01000206,0.92
E01000207,0.88
E01000208,0.9
E01000209,0.84
E01000210,0.91
E01000211,0.84
E01000212,0.89
E01000213,0.93
E01000214,0.88
E01000215,0.88
E01000216,0.88
E01000217,0.92
E01000218,0.88
E01000219,0.88
E01000220,0.82
E01000221,0.82
E01000222,0.84
E01000223,0.85
E01000224,0.85
E01000225,0.88
E01000226,0.84
E01000227,0.85
E01000228,0.87
E01000229,0.83
E01000230,0.86
E01000231,0.85
E01000232,0.84
E01000233,0.89
E01000234,0.89
E01000235,0.86
E01000236,0.9
E01000237,0.9
E01000238,0.9
E01000239,0.85
E01000240,0.86
E01000241,0.87
E01000242,0.86
E01000243,0.86
E01000244,0.86
E01000245,0.85
E01000246,0.88
E01000247,0.88
E01000248,0.86
E01000249,0.89
E01000250,0.86
E01000251,0.82
E01000252,0.84
E01000253,0.88
E01000254,0.87
E01000255,0.83
E01000256,0.89
E01000257,0.83
E01000258,0.85
E01000259,0.86
E01000260,0.89
E01000261,0.88
E01000263,0.93
E01000264,0.89
E01000265,0.85
E01000266,0.9
E01000267,0.87
E01000268,0.87
E01000269,0.86
E01000270,0.87
E01000271,0.86
E01000272,0.86
E01000273,0.83
E01000274,0.86
E01000275,0.85
E01000276,0.91
E01000277,0.83
E01000278,0.9
E01000279,0.88
E01000280,0.89
E01000281,0.88
E01000282,0.88
E01000283,0.89
E01000284,0.85
E01000285,0.85
E01000286,0.81
E01000287,0.82
E01000288,0.87
E01000289,0.81
E01000290,0.81
E01000291,0.79
E01000292,0.83
E01000293,0.88
E01000294,0.84
E01000295,0.89
E01000296,0.88
E01000297,0.87
E01000298,0.88
E01000299,0.85
E01000300,0.87
E01000301,0.87
E01000302,0.82
E01000303,0.87
E01000304,0.85
E01000305,0.85
E01000306,0.86
E01000307,0.84
E01000308,0.84
E01000309,0.88
E01000310,0.83
E01000311,0.91
E01000312,0.81
E01000313,0.85
E01000314,0.87
E01000315,0.81
E01000316,0.83
E01000317,0.84
E01000318,0.8
E01000319,0.87
E01000320,0.87
E01000321,0.85
E01000322,0.86
E01000323,0.82
E01000324,0.86
E01033911,0.87
E01033912,0.92
E01033913,0.82
E01033914,0.86
E01033915,0.85
E01033916,0.85
E01033917,0.89
E01033918,0.89
E01033919,0.91
E01033920,0.89
E01033921,0.92
E01033922,0.92
E01033923,0.84
E01033924,0.82
E01033925,0.87
E01000325,0.87
E01000326,0.87
E01000327,0.86
E01000328,0.82
E01000329,0.84
E01000330,0.79
E01000331,0.82
E01000332,0.79
E01000333,0.83
E01000334,0.83
E01000335,0.87
E01000336,0.81
E01000337,0.87
E01000338,0.86
E01000339,0.81
E01000340,0.84
E01000341,0.82
E01000342,0.86
E01000343,0.86
E01000344,0.84
E01000345,0.89
E01000346,0.88
E01000347,0.85
E01000348,0.88
E01000349,0.86
E01000350,0.88
E01000351,0.84
E01000352,0.83
E01000353,0.82
E01000354,0.82
E01000355,0.83
E01000356,0.82
E01000357,0.89
E01000358,0.86
E01000359,0.85
E01000360,0.83
E01000361,0.86
E01000362,0.85
E01000363,0.84
E01000364,0.85
E01000365,0.82
E01000366,0.87
E01000367,0.83
E01000368,0.81
E01000369,0.83
E01000370,0.82
E01000371,0.87
E01000372,0.82
E01000373,0.89
E01000374,0.81
E01000375,0.86
E01000376,0.86
E01000377,0.84
E01000379,0.84
E01000380,0.75
E01000381,0.78
E01000382,0.86
E01000383,0.83
E01000384,0.86
E01000385,0.81
E01000386,0.75
E01000387,0.85
E01000388,0.85
E01000389,0.85
E01000390,0.86
E01000391,0.85
E01000392,0.85
E01000393,0.87
E01000394,0.81
E01000395,0.87
E01000396,0.86
E01000398,0.8
E01000399,0.84
E01000400,0.85
E01000401,0.77
E01000402,0.81
E01000403,0.79
E01000404,0.87
E01000405,0.88
E01000406,0.88
E01000407,0.82
E01000408,0.86
E01000409,0.89
E01000410,0.89
E01000411,0.87
E01000412,0.87
E01000413,0.85
E01000414,0.85
E01000415,0.86
E01000416,0.82
E01000417,0.82
E01000418,0.86
E01000419,0.82
E01000420,0.82
E01000421,0.83
E01000422,0.84
E01000423,0.85
E01000424,0.83
E01000425,0.84
E01000426,0.88
E01000427,0.83
E01000428,0.79
E01000429,0.83
E01000430,0.87
E01000431,0.82
E01000433,0.83
E01000434,0.78
E01000435,0.83
E01000436,0.86
E01000437,0.86
E01000438,0.84
E01000439,0.85
E01000440,0.84
E01000441,0.83
E01000442,0.83
E01000443,0.83
E01000444,0.88
E01000445,0.85
E01000446,0.86
E01000447,0.86
E01000448,0.86
E01000449,0.84
E01000450,0.85
E01000451,0.88
E01000452,0.87
E01000453,0.87
E01000454,0.81
E01000455,0.86
E01000456,0.85
E01000457,0.85
E01000458,0.83
E01000459,0.82
E01000460,0.87
E01000461,0.88
E01000462,0.81
E01000463,0.88
E01000464,0.82
E01000465,0.8
E01000466,0.85
E01000467,0.84
E01000468,0.89
E01000469,0.86
E01000470,0.82
E01032566,0.8
E01033789,0.91
E01033790,0.81
E01033791,0.82
E01033792,0.84
E01000471,0.86
E01000472,0.87
E01000473,0.87
E01000474,0.88
E01000475,0.86
E01000476,0.84
E01000477,0.88
E01000478,0.86
E01000479,0.85
E01000480,0.85
E01000481,0.86
E01000483,0.82
E01000484,0.8
E01000485,0.77
E01000486,0.86
E01000487,0.83
E01000488,0.88
E01000489,0.81
E01000490,0.86
E01000491,0.87
E01000492,0.86
E01000493,0.87
E01000494,0.84
E01000495,0.8
E01000497,0.83
E01000498,0.83
E01000499,0.84
E01000501,0.85
E01000502,0.85
E01000503,0.84
E01000504,0.88
E01000505,0.82
E01000506,0.86
E01000507,0.84
E01000508,0.83
E01000509,0.81
E01000510,0.86
E01000511,0.87
E01000512,0.87
E01000513,0.83
E01000514,0.86
E01000515,0.84
E01000516,0.86
E01000517,0.85
E01000518,0.81
E01000519,0.84
E01000520,0.83
E01000521,0.8
E01000522,0.84
E01000523,0.84
E01000524,0.84
E01000525,0.82
E01000526,0.77
E01000527,0.82
E01000528,0.82
E01000530,0.87
E01000531,0.82
E01000532,0.85
E01000533,0.79
E01000534,0.88
E01000535,0.86
E01000536,0.83
E01000538,0.88
E01000539,0.84
E01000540,0.84
E01000541,0.83
E01000543,0.85
E01000544,0.85
E01000545,0.86
E01000546,0.86
E01000547,0.87
E01000548,0.84
E01000549,0.89
E01000550,0.8
E01000551,0.83
E01000552,0.83
E01000553,0.85
E01000554,0.86
E01000555,0.87
E01000556,0.85
E01000557,0.81
E01000558,0.84
E01000559,0.82
E01000560,0.87
E01000561,0.87
E01000562,0.85
E01000563,0.84
E01000564,0.88
E01000565,0.83
E01000566,0.84
E01000567,0.85
E01000568,0.88
E01000569,0.86
E01000570,0.82
E01000571,0.84
E01000572,0.88
E01000573,0.87
E01000574,0.87
E01000575,0.88
E01000576,0.85
E01000577,0.87
E01000578,0.8
E01000579,0.87
E01000580,0.88
E01000581,0.88
E01000582,0.91
E01000583,0.87
E01000584,0.85
E01000585,0.87
E01000586,0.87
E01000587,0.87
E01000589,0.85
E01000590,0.86
E01000591,0.87
E01000592,0.84
E01000593,0.86
E01000594,0.88
E01000595,0.82
E01000596,0.81
E01000599,0.82
E01000601,0.76
E01000602,0.8
E01000603,0.81
E01000604,0.79
E01000605,0.81
E01000606,0.85
E01000607,0.88
E01000608,0.82
E01000609,0.86
E01000610,0.83
E01000611,0.87
E01000612,0.83
E01000613,0.85
E01000615,0.9
E01000616,0.86
E01000617,0.85
E01000618,0.86
E01000619,0.84
E01000620,0.8
E01000621,0.85
E01000622,0.85
E01000623,0.87
E01000624,0.83
E01000625,0.84
E01000626,0.81
E01000627,0.83
E01000628,0.83
E01000629,0.86
E01000630,0.86
E01000631,0.87
E01000632,0.87
E01000633,0.88
E01000634,0.88
E01000636,0.87
E01000637,0.84
E01000638,0.84
E01000639,0.87
E01000640,0.86
E01000641,0.84
E01000642,0.87
E01000643,0.8
E01000644,0.83
E01033455,0.83
E01033456,0.81
E01033457,0.89
E01033463,0.86
E01033485,0.84
E01033929,0.91
E01033930,0.81
E01033931,0.81
E01033932,0.81
E01033933,0.81
E01033934,0.84
E01033935,0.86
E01033936,0.87
E01033937,0.81
E01033938,0.76
E01033939,0.91
E01033940,0.91
E01033941,0.87
E01033942,0.91
E01000645,0.91
E01000646,0.85
E01000647,0.9
E01000648,0.89
E01000649,0.9
E01000650,0.86
E01000651,0.79
E01000652,0.88
E01000653,0.84
E01000654,0.86
E01000655,0.87
E01000656,0.87
E01000657,0.85
E01000658,0.8
E01000659,0.89
E01000661,0.82
E01000662,0.86
E01000663,0.83
E01000664,0.87
E01000665,0.86
E01000666,0.88
E01000667,0.88
E01000668,0.87
E01000669,0.87
E01000670,0.89
E01000671,0.87
E01000672,0.86
E01000673,0.9
E01000674,0.87
E01000676,0.87
E01000677,0.9
E01000678,0.9
E01000679,0.88
E01000680,0.88
E01000681,0.88
E01000682,0.86
E01000683,0.87
E01000684,0.89
E01000685,0.86
E01000686,0.85
E01000687,0.85
E01000688,0.88
E01000689,0.83
E01000690,0.88
E01000691,0.85
E01000692,0.89
E01000693,0.8
E01000694,0.88
E01000695,0.89
E01000696,0.86
E01000697,0.9
E01000698,0.87
E01000699,0.87
E01000700,0.87
E01000701,0.87
E01000702,0.88
E01000703,0.88
E01000704,0.87
E01000705,0.86
E01000706,0.85
E01000707,0.93
E01000708,0.87
E01000709,0.85
E01000710,0.9
E01000711,0.87
E01000712,0.87
E01000713,0.88
E01000714,0.88
E01000715,0.87
E01000716,0.86
E01000717,0.87
E01000718,0.85
E01000719,0.82
E01000720,0.82
E01000721,0.81
E01000722,0.85
E01000723,0.81
E01000724,0.81
E01000725,0.82
E01000726,0.81
E01000727,0.82
E01000728,0.82
E01000729,0.8
E01000730,0.81
E01000731,0.82
E01000732,0.86
E01000733,0.83
E01000734,0.87
E01000735,0.83
E01000736,0.81
E01000737,0.8
E01000738,0.81
E01000739,0.79
E01000741,0.87
E01000742,0.86
E01000743,0.75
E01000744,0.79
E01000745,0.87
E01000746,0.87
E01000747,0.86
E01000748,0.82
E01000749,0.81
E01000750,0.75
E01000751,0.88
E01000752,0.83
E01000753,0.87
E01000754,0.87
E01000755,0.87
E01000756,0.88
E01000757,0.88
E01000758,0.87
E01000759,0.88
E01000760,0.83
E01000761,0.86
E01000762,0.88
E01000763,0.89
E01000764,0.85
E01000765,0.89
E01000766,0.9
E01000767,0.89
E01000768,0.86
E01000769,0.83
E01000770,0.86
E01000771,0.88
E01000772,0.85
E01000773,0.88
E01000774,0.88
E01000775,0.89
E01000777,0.88
E01000778,0.86
E01000779,0.84
E01000780,0.83
E01000781,0.82
E01000782,0.78
E01000783,0.83
E01000784,0.88
E01000785,0.8
E01000786,0.83
E01000787,0.79
E01000788,0.83
E01000789,0.83
E01000790,0.89
E01000791,0.83
E01000792,0.86
E01000793,0.86
E01000794,0.86
E01000795,0.85
E01000796,0.8
E01000797,0.88
E01000798,0.8
E01000799,0.87
E01000800,0.85
E01000801,0.83
E01000802,0.86
E01000803,0.84
E01000804,0.88
E01000805,0.85
E01000806,0.86
E01000807,0.89
E01000808,0.85
E01000809,0.88
E01000810,0.89
E01000811,0.87
E01000812,0.87
E01000813,0.87
E01000814,0.9
E01000815,0.91
E01000816,0.86
E01000818,0.87
E01000819,0.82
E01000820,0.87
E01000822,0.88
E01000823,0.87
E01000824,0.88
E01000825,0.86
E01000826,0.91
E01000827,0.87
E01000828,0.86
E01000829,0.89
E01000830,0.92
E01000831,0.85
E01000832,0.88
E01000833,0.92
E01000834,0.91
E01000835,0.87
E01000836,0.89
E01000837,0.82
E01000838,0.85
E01000839,0.88
E01000840,0.81
E01000841,0.87
E01032562,0.81
E01032563,0.85
E01032568,0.82
E01032570,0.83
E01034383,0.88
E01034384,0.9
E01034385,0.87
E01034386,0.91
E01000842,0.9
E01000843,0.91
E01000844,0.91
E01000845,0.89
E01000846,0.83
E01000847,0.85
E01000848,0.88
E01000849,0.87
E01000850,0.89
E01000851,0.92
E01000853,0.74
E01000855,0.87
E01000856,0.82
E01000857,0.84
E01000858,0.8
E01000859,0.9
E01000860,0.8
E01000861,0.81
E01000862,0.9
E01000863,0.87
E01000866,0.81
E01000867,0.83
E01000868,0.81
E01000869,0.86
E01000870,0.83
E01000871,0.86
E01000872,0.84
E01000873,0.91
E01000874,0.89
E01000875,0.86
E01000876,0.84
E01000877,0.89
E01000878,0.89
E01000879,0.92
E01000880,0.92
E01000881,0.9
E01000882,0.93
E01000883,0.92
E01000884,0.91
E01000885,0.89
E01000886,0.89
E01000887,0.88
E01000888,0.83
E01000889,0.76
E01000890,0.75
E01000891,0.76
E01000892,0.87
E01000893,0.91
E01000894,0.91
E01000895,0.85
E01000896,0.92
E01000897,0.92
E01000898,0.83
E01000899,0.92
E01000900,0.82
E01000901,0.81
E01000902,0.79
E01000903,0.83
E01000904,0.8
E01000905,0.78
E01000906,0.89
E01000907,0.81
E01000908,0.78
E01000909,0.85
E01000910,0.89
E01000911,0.83
E01000912,0.81
E01000913,0.9
E01000914,0.87
E01000915,0.81
E01000916,0.83
E01000917,0.76
E01000918,0.82
E01000919,0.82
E01000920,0.85
E01000921,0.87
E01000922,0.84
E01000923,0.83
E01000924,0.87
E01000925,0.8
E01000926,0.86
E01000927,0.85
E01000928,0.83
E01000929,0.8
E01000930,0.81
E01000931,0.83
E01000932,0.85
E01000933,0.85
E01000934,0.77
E01000935,0.81
E01000937,0.88
E01000938,0.83
E01000939,0.81
E01000941,0.76
E01000942,0.86
E01000943,0.89
E01000944,0.8
E01000946,0.87
E01000947,0.86
E01000948,0.85
E01000949,0.82
E01000951,0.81
E01000952,0.78
E01000954,0.79
E01000955,0.79
E01000956,0.81
E01000957,0.85
E01000958,0.86
E01000959,0.79
E01000960,0.89
E01000961,0.84
E01000962,0.92
E01000963,0.88
E01000964,0.86
E01000965,0.89
E01000966,0.92
E01000967,0.9
E01000968,0.88
E01000969,0.91
E01000970,0.9
E01000971,0.9
E01000972,0.8
E01000973,0.87
E01000974,0.8
E01035707,0.87
E01035708,0.91
E01035709,0.76
E01035710,0.83
E01035711,0.86
E01035712,0.83
E01000975,0.87
E01000976,0.86
E01000977,0.79
E01000978,0.86
E01000979,0.86
E01000980,0.85
E01000981,0.88
E01000982,0.85
E01000983,0.88
E01000984,0.83
E01000985,0.84
E01000986,0.86
E01000987,0.85
E01000989,0.85
E01000990,0.75
E01000991,0.84
E01000992,0.82
E01000993,0.87
E01000994,0.85
E01000995,0.85
E01000996,0.83
E01000997,0.84
E01000998,0.82
E01000999,0.84
E01001000,0.84
E01001001,0.87
E01001002,0.86
E01001003,0.86
E01001004,0.86
E01001005,0.84
E01001006,0.86
E01001007,0.86
E01001008,0.81
E01001009,0.85
E01001010,0.81
E01001011,0.86
E01001012,0.83
E01001013,0.8
E01001015,0.85
E01001016,0.85
E01001017,0.88
E01001018,0.87
E01001019,0.86
E01001020,0.87
E01001021,0.78
E01001022,0.84
E01001023,0.87
E01001024,0.85
E01001025,0.89
E01001026,0.86
E01001027,0.9
E01001028,0.86
E01001029,0.85
E01001030,0.89
E01001031,0.89
E01001032,0.87
E01001033,0.87
E01001034,0.86
E01001035,0.85
E01001036,0.87
E01001037,0.88
E01001038,0.86
E01001039,0.9
E01001040,0.86
E01001041,0.87
E01001042,0.86
E01001044,0.86
E01001046,0.88
E01001047,0.86
E01001049,0.87
E01001050,0.81
E01001051,0.79
E01001052,0.79
E01001053,0.81
E01001054,0.81
E01001055,0.77
E01001056,0.83
E01001057,0.82
E01001058,0.86
E01001059,0.84
E01001060,0.84
E01001061,0.83
E01001062,0.86
E01001063,0.87
E01001064,0.86
E01001065,0.84
E01001066,0.78
E01001067,0.86
E01001068,0.86
E01001069,0.86
E01001070,0.86
E01001071,0.87
E01001072,0.85
E01001073,0.86
E01001074,0.84
E01001075,0.86
E01001076,0.8
E01001077,0.85
E01001078,0.8
E01001079,0.77
E01001080,0.71
E01001081,0.81
E01001082,0.82
E01001083,0.84
E01001084,0.85
E01001085,0.83
E01001086,0.85
E01001087,0.84
E01001088,0.86
E01001089,0.83
E01001090,0.84
E01001091,0.85
E01001092,0.83
E01001093,0.86
E01001094,0.87
E01001095,0.88
E01001096,0.89
E01001097,0.81
E01001098,0.89
E01001099,0.84
E01001100,0.88
E01001101,0.9
E01001102,0.85
E01001103,0.83
E01001104,0.88
E01001105,0.84
E01001106,0.82
E01001107,0.87
E01001108,0.87
E01001109,0.8
E01001110,0.83
E01001111,0.86
E01001112,0.83
E01001113,0.86
E01001114,0.85
E01001115,0.8
E01001116,0.85
E01001118,0.81
E01001119,0.86
E01001120,0.85
E01001121,0.84
E01001122,0.87
E01001123,0.88
E01001124,0.86
E01001125,0.82
E01001126,0.84
E01001127,0.87
E01001128,0.83
E01001129,0.87
E01001130,0.84
E01001131,0.85
E01001132,0.83
E01001133,0.79
E01001134,0.87
E01001135,0.84
E01001136,0.84
E01001137,0.86
E01001138,0.86
E01001139,0.86
E01001140,0.86
E01001141,0.85
E01001142,0.84
E01001143,0.82
E01001144,0.83
E01001145,0.82
E01001146,0.84
E01001147,0.85
E01001148,0.86
E01001149,0.88
E01001150,0.88
E01001151,0.8
E01001152,0.86
E01001153,0.85
E01001154,0.86
E01001155,0.75
E01001156,0.85
E01001157,0.85
E01001158,0.86
E01001159,0.86
E01001160,0.84
E01001161,0.79
E01001162,0.85
E01001163,0.85
E01001164,0.88
E01001165,0.86
E01001166,0.82
E01001167,0.87
E01001168,0.86
E01001169,0.81
E01001170,0.82
E01001171,0.79
E01001172,0.81
E01001173,0.85
E01001174,0.84
E01001175,0.85
E01001176,0.84
E01001177,0.84
E01001178,0.81
E01001179,0.85
E01001180,0.86
E01001181,0.83
E01001182,0.83
E01001183,0.84
E01001184,0.83
E01001185,0.86
E01001186,0.81
E01001187,0.85
E01001188,0.84
E01001189,0.85
E01001190,0.87
E01001191,0.85
E01001192,0.85
E01001193,0.82
E01001194,0.88
E01032569,0.79
E01034139,0.83
E01034140,0.87
E01034141,0.91
E01034142,0.85
E01034143,0.92
E01034144,0.86
E01034145,0.84
E01034146,0.9
E01034147,0.93
E01034148,0.93
E01034149,0.86
E01034150,0.86
E01034151,0.89
E01034152,0.87
E01001195,0.88
E01001196,0.82
E01001197,0.86
E01001198,0.9
E01001199,0.87
E01001200,0.88
E01001201,0.86
E01001202,0.86
E01001203,0.81
E01001204,0.87
E01001205,0.83
E01001206,0.86
E01001207,0.9
E01001208,0.9
E01001209,0.89
E01001210,0.79
E01001211,0.87
E01001212,0.83
E01001213,0.79
E01001214,0.82
E01001215,0.81
E01001216,0.81
E01001217,0.84
E01001218,0.8
E01001219,0.81
E01001220,0.8
E01001223,0.88
E01001224,0.9
E01001225,0.86
E01001226,0.85
E01001227,0.89
E01001228,0.89
E01001229,0.82
E01001230,0.89
E01001231,0.89
E01001232,0.83
E01001233,0.83
E01001234,0.88
E01001235,0.89
E01001236,0.86
E01001237,0.88
E01001239,0.83
E01001240,0.85
E01001241,0.85
E01001242,0.86
E01001243,0.88
E01001244,0.86
E01001245,0.9
E01001246,0.86
E01001247,0.84
E01001248,0.83
E01001249,0.82
E01001250,0.81
E01001251,0.87
E01001252,0.85
E01001253,0.9
E01001254,0.87
E01001255,0.89
E01001257,0.83
E01001258,0.85
E01001259,0.85
E01001260,0.85
E01001261,0.83
E01001262,0.79
E01001263,0.83
E01001264,0.83
E01001265,0.88
E01001266,0.84
E01001267,0.82
E01001268,0.84
E01001269,0.88
E01001270,0.88
E01001271,0.86
E01001272,0.84
E01001273,0.87
E01001274,0.9
E01001275,0.86
E01001276,0.86
E01001277,0.88
E01001278,0.87
E01001279,0.88
E01001280,0.87
E01001281,0.88
E01001282,0.79
E01001283,0.77
E01001284,0.87
E01001285,0.84
E01001286,0.83
E01001287,0.83
E01001288,0.86
E01001289,0.89
E01001290,0.86
E01001291,0.85
E01001292,0.83
E01001293,0.81
E01001294,0.83
E01001295,0.82
E01001296,0.82
E01001297,0.81
E01001298,0.79
E01001299,0.87
E01001300,0.9
E01001301,0.87
E01001302,0.89
E01001303,0.9
E01001304,0.9
E01001305,0.9
E01001306,0.89
E01001307,0.89
E01001308,0.84
E01001309,0.87
E01001310,0.86
E01001311,0.83
E01001312,0.86
E01001313,0.86
E01001314,0.87
E01001315,0.86
E01001316,0.84
E01001317,0.85
E01001318,0.81
E01001319,0.86
E01001320,0.84
E01001321,0.81
E01001322,0.85
E01001323,0.84
E01001324,0.84
E01001325,0.82
E01001326,0.86
E01001327,0.84
E01001328,0.83
E01001329,0.85
E01001330,0.83
E01001331,0.86
E01001332,0.84
E01001333,0.8
E01001334,0.81
E01001335,0.83
E01001336,0.82
E01001337,0.86
E01001338,0.81
E01001339,0.84
E01001340,0.83
E01001341,0.86
E01001342,0.84
E01001343,0.83
E01001344,0.84
E01001345,0.83
E01001346,0.85
E01001347,0.84
E01001348,0.85
E01001349,0.81
E01001350,0.86
E01001351,0.85
E01001352,0.9
E01001353,0.85
E01001354,0.84
E01001355,0.87
E01001356,0.8
E01001357,0.89
E01001358,0.87
E01001359,0.84
E01001360,0.83
E01001361,0.85
E01001362,0.84
E01001363,0.85
E01001364,0.8
E01001365,0.81
E01001366,0.84
E01001367,0.87
E01001368,0.81
E01001369,0.84
E01001370,0.86
E01001371,0.83
E01001372,0.86
E01001373,0.85
E01001374,0.9
E01001375,0.91
E01001376,0.84
E01001377,0.9
E01001379,0.92
E01001380,0.91
E01001381,0.9
E01001382,0.9
E01001383,0.87
E01001384,0.9
E01001385,0.91
E01001386,0.9
E01001387,0.87
E01001388,0.83
E01001389,0.87
E01032572,0.89
E01032743,0.86
E01032744,0.77
E01034026,0.93
E01034027,0.88
E01034028,0.84
E01034029,0.88
E01034030,0.87
E01034031,0.9
E01001390,0.87
E01001391,0.86
E01001392,0.86
E01001393,0.88
E01001394,0.83
E01001395,0.81
E01001396,0.85
E01001397,0.85
E01001398,0.88
E01001399,0.87
E01001400,0.8
E01001401,0.85
E01001402,0.86
E01001403,0.81
E01001404,0.85
E01001405,0.79
E01001406,0.84
E01001407,0.83
E01001408,0.86
E01001409,0.83
E01001410,0.79
E01001411,0.87
E01001412,0.81
E01001413,0.84
E01001414,0.76
E01001415,0.84
E01001416,0.87
E01001417,0.88
E01001418,0.79
E01001419,0.83
E01001420,0.82
E01001421,0.83
E01001422,0.88
E01001423,0.79
E01001424,0.81
E01001425,0.82
E01001426,0.82
E01001427,0.79
E01001428,0.82
E01001429,0.76
E01001430,0.82
E01001431,0.83
E01001432,0.8
E01001433,0.83
E01001434,0.84
E01001435,0.83
E01001436,0.82
E01001437,0.82
E01001438,0.84
E01001439,0.81
E01001440,0.81
E01001441,0.83
E01001442,0.8
E01001444,0.83
E01001445,0.87
E01001446,0.83
E01001447,0.78
E01001448,0.83
E01001449,0.83
E01001450,0.85
E01001451,0.86
E01001452,0.89
E01001453,0.85
E01001454,0.88
E01001455,0.84
E01001456,0.89
E01001457,0.86
E01001458,0.83
E01001459,0.83
E01001460,0.86
E01001461,0.79
E01001462,0.81
E01001463,0.84
E01001464,0.78
E01001465,0.82
E01001466,0.87
E01001467,0.88
E01001468,0.86
E01001469,0.83
E01001470,0.85
E01001471,0.84
E01001472,0.86
E01001473,0.84
E01001474,0.86
E01001475,0.88
E01001476,0.8
E01001477,0.84
E01001478,0.83
E01001479,0.81
E01001480,0.81
E01001481,0.82
E01001482,0.81
E01001483,0.82
E01001484,0.84
E01001485,0.8
E01001486,0.81
E01001487,0.82
E01001488,0.84
E01001489,0.84
E01001491,0.82
E01001492,0.82
E01001493,0.81
E01001494,0.84
E01001495,0.89
E01001496,0.85
E01001497,0.84
E01001498,0.87
E01001499,0.81
E01001500,0.85
E01001501,0.83
E01001502,0.82
E01001503,0.8
E01001504,0.82
E01001505,0.81
E01001507,0.83
E01001508,0.85
E01001509,0.83
E01001511,0.85
E01001512,0.86
E01001513,0.83
E01001514,0.84
E01001515,0.83
E01001516,0.83
E01001517,0.78
E01001518,0.85
E01001520,0.83
E01001521,0.87
E01001522,0.85
E01001523,0.86
E01001524,0.86
E01001525,0.83
E01001526,0.86
E01001527,0.84
E01001528,0.82
E01001529,0.84
E01001530,0.84
E01001531,0.88
E01001532,0.86
E01001533,0.84
E01001534,0.85
E01001535,0.86
E01001536,0.84
E01001537,0.87
E01001538,0.87
E01001539,0.86
E01001540,0.88
E01001541,0.87
E01001542,0.84
E01001543,0.86
E01001544,0.84
E01001545,0.77
E01001546,0.83
E01001547,0.81
E01001548,0.82
E01001549,0.82
E01001550,0.84
E01001551,0.78
E01001552,0.79
E01001553,0.83
E01001554,0.79
E01001555,0.84
E01001556,0.84
E01001557,0.84
E01001558,0.85
E01001559,0.84
E01001560,0.81
E01001562,0.78
E01001563,0.87
E01001564,0.87
E01001565,0.84
E01001566,0.84
E01001567,0.88
E01001568,0.87
E01001569,0.88
E01001570,0.88
E01032574,0.85
E01033146,0.83
E01033148,0.84
E01033150,0.87
E01033151,0.8
E01033926,0.85
E01033927,0.87
E01033928,0.87
E01001571,0.88
E01001572,0.85
E01001573,0.86
E01001574,0.8
E01001575,0.82
E01001576,0.84
E01001577,0.84
E01001578,0.85
E01001579,0.84
E01001580,0.88
E01001581,0.84
E01001582,0.84
E01001583,0.87
E01001584,0.86
E01001585,0.88
E01001586,0.81
E01001587,0.88
E01001588,0.75
E01001589,0.83
E01001590,0.86
E01001591,0.81
E01001592,0.89
E01001593,0.88
E01001594,0.84
E01001595,0.84
E01001596,0.86
E01001597,0.84
E01001598,0.84
E01001599,0.86
E01001600,0.84
E01001601,0.83
E01001602,0.79
E01001603,0.78
E01001604,0.86
E01001605,0.86
E01001606,0.88
E01001607,0.85
E01001608,0.86
E01001609,0.81
E01001610,0.85
E01001611,0.83
E01001613,0.81
E01001614,0.86
E01001615,0.85
E01001617,0.82
E01001618,0.84
E01001619,0.87
E01001620,0.81
E01001621,0.79
E01001623,0.82
E01001624,0.81
E01001625,0.78
E01001629,0.82
E01001631,0.82
E01001632,0.82
E01001633,0.83
E01001634,0.77
E01001635,0.86
E01001636,0.82
E01001637,0.82
E01001638,0.81
E01001641,0.89
E01001642,0.89
E01001644,0.9
E01001645,0.83
E01001646,0.85
E01001647,0.82
E01001648,0.86
E01001649,0.84
E01001650,0.81
E01001651,0.82
E01001652,0.84
E01001653,0.78
E01001654,0.8
E01001655,0.79
E01001656,0.85
E01001657,0.86
E01001658,0.83
E01001659,0.85
E01001660,0.8
E01001661,0.82
E01001664,0.87
E01001665,0.86
E01001666,0.87
E01001669,0.83
E01001671,0.85
E01001672,0.83
E01001673,0.8
E01001674,0.84
E01001675,0.83
E01001676,0.84
E01001677,0.84
E01001678,0.84
E01001679,0.85
E01001680,0.86
E01001681,0.86
E01001682,0.83
E01001683,0.81
E01001684,0.78
E01001685,0.82
E01001686,0.86
E01001687,0.8
E01001688,0.85
E01001690,0.81
E01001692,0.81
E01001693,0.82
E01001694,0.87
E01001695,0.82
E01001696,0.89
E01001697,0.87
E01001698,0.83
E01001699,0.84
E01001700,0.86
E01001701,0.85
E01001702,0.83
E01001703,0.84
E01001704,0.82
E01001705,0.84
E01001708,0.83
E01001710,0.8
E01001712,0.85
E01032567,0.83
E01033727,0.88
E01033728,0.92
E01033729,0.82
E01033732,0.89
E01033734,0.89
E01033735,0.87
E01033736,0.94
E01033737,0.85
E01033738,0.9
E01033739,0.89
E01033740,0.89
E01033741,0.86
E01033742,0.89
E01033743,0.87
E01033744,0.86
E01033745,0.87
E01033746,0.84
E01034173,0.81
E01034174,0.84
E01034175,0.93
E01034176,0.81
E01034177,0.88
E01034178,0.91
E01034179,0.87
E01034180,0.83
E01034181,0.94
E01034182,0.89
E01034183,0.9
E01034184,0.91
E01034185,0.88
E01034186,0.93
E01034187,0.83
E01034188,0.92
E01034189,0.94
E01034190,0.81
E01034191,0.91
E01034192,0.84
E01034193,0.91
E01034194,0.92
E01034195,0.91
E01034196,0.9
E01034198,0.87
E01001714,0.83
E01001715,0.88
E01001716,0.81
E01001717,0.84
E01001718,0.89
E01001719,0.83
E01001720,0.9
E01001722,0.83
E01001723,0.89
E01001724,0.88
E01001725,0.89
E01001726,0.83
E01001727,0.89
E01001728,0.91
E01001729,0.85
E01001730,0.83
E01001731,0.86
E01001732,0.84
E01001733,0.85
E01001734,0.85
E01001735,0.82
E01001736,0.87
E01001737,0.9
E01001738,0.86
E01001739,0.88
E01001740,0.82
E01001741,0.88
E01001742,0.83
E01001744,0.83
E01001745,0.83
E01001746,0.83
E01001747,0.85
E01001749,0.87
E01001750,0.86
E01001751,0.89
E01001753,0.84
E01001755,0.82
E01001756,0.87
E01001757,0.84
E01001758,0.84
E01001759,0.84
E01001760,0.84
E01001761,0.78
E01001762,0.85
E01001763,0.83
E01001764,0.84
E01001765,0.79
E01001767,0.85
E01001768,0.87
E01001769,0.84
E01001770,0.81
E01001772,0.81
E01001773,0.86
E01001774,0.86
E01001775,0.81
E01001776,0.81
E01001777,0.87
E01001780,0.8
E01001781,0.81
E01001783,0.83
E01001784,0.84
E01001785,0.85
E01001786,0.86
E01001787,0.77
E01001788,0.76
E01001789,0.84
E01001790,0.8
E01001791,0.83
E01001792,0.83
E01001793,0.87
E01001794,0.83
E01001795,0.86
E01001796,0.85
E01001798,0.86
E01001799,0.92
E01001800,0.85
E01001801,0.84
E01001802,0.86
E01001803,0.89
E01001804,0.93
E01001805,0.88
E01001806,0.83
E01001807,0.89
E01001808,0.9
E01001809,0.89
E01001811,0.85
E01001812,0.88
E01001813,0.8
E01001814,0.9
E01001815,0.76
E01001816,0.85
E01001819,0.8
E01001820,0.78
E01001821,0.78
E01001822,0.85
E01001823,0.89
E01001824,0.87
E01001825,0.92
E01001826,0.86
E01001827,0.82
E01001828,0.85
E01001829,0.9
E01001830,0.82
E01001831,0.85
E01001832,0.85
E01001833,0.83
E01001834,0.87
E01001835,0.88
E01001836,0.85
E01001837,0.86
E01001838,0.81
E01001839,0.88
E01001840,0.8
E01001841,0.78
E01001842,0.85
E01001843,0.83
E01001844,0.84
E01001845,0.78
E01001846,0.75
E01001847,0.84
E01001848,0.81
E01001849,0.86
E01001850,0.82
E01033699,0.89
E01033700,0.88
E01033702,0.86
E01033703,0.84
E01033704,0.92
E01033705,0.83
E01033706,0.92
E01033708,0.94
E01033709,0.88
E01033710,0.89
E01033711,0.94
E01033712,0.86
E01033713,0.88
E01035638,0.85
E01035639,0.84
E01035640,0.83
E01035641,0.89
E01035642,0.9
E01035643,0.87
E01035644,0.9
E01035645,0.83
E01035646,0.85
E01035647,0.95
E01035648,0.8
E01035649,0.91
E01035650,0.78
E01001851,0.9
E01001852,0.89
E01001853,0.9
E01001854,0.88
E01001855,0.89
E01001856,0.85
E01001857,0.81
E01001858,0.82
E01001859,0.89
E01001860,0.85
E01001861,0.86
E01001862,0.84
E01001863,0.87
E01001864,0.87
E01001865,0.9
E01001866,0.9
E01001867,0.82
E01001868,0.8
E01001869,0.88
E01001870,0.88
E01001871,0.87
E01001872,0.88
E01001873,0.86
E01001875,0.81
E01001876,0.8
E01001877,0.82
E01001878,0.8
E01001879,0.87
E01001880,0.86
E01001881,0.92
E01001882,0.92
E01001883,0.86
E01001884,0.83
E01001885,0.8
E01001886,0.85
E01001887,0.81
E01001888,0.91
E01001889,0.89
E01001890,0.89
E01001891,0.93
E01001892,0.85
E01001893,0.84
E01001894,0.83
E01001895,0.86
E01001896,0.85
E01001897,0.88
E01001898,0.9
E01001899,0.81
E01001900,0.82
E01001901,0.91
E01001902,0.87
E01001903,0.86
E01001904,0.93
E01001905,0.9
E01001906,0.92
E01001907,0.91
E01001908,0.91
E01001909,0.86
E01001910,0.87
E01001911,0.82
E01001912,0.82
E01001913,0.93
E01001914,0.88
E01001915,0.91
E01001916,0.88
E01001917,0.85
E01001918,0.9
E01001919,0.91
E01001920,0.81
E01001921,0.89
E01001922,0.92
E01001923,0.88
E01001924,0.95
E01001925,0.92
E01001926,0.91
E01001927,0.9
E01001928,0.88
E01001929,0.9
E01001930,0.79
E01001931,0.89
E01001932,0.88
E01001933,0.86
E01001934,0.86
E01001935,0.89
E01001937,0.92
E01001938,0.87
E01001940,0.84
E01001941,0.88
E01001942,0.87
E01001943,0.87
E01001944,0.8
E01001945,0.85
E01001946,0.89
E01001947,0.82
E01001948,0.91
E01001949,0.93
E01001950,0.94
E01001951,0.89
E01001952,0.9
E01001953,0.86
E01001954,0.85
E01001955,0.83
E01001956,0.84
E01001957,0.83
E01001958,0.84
E01001959,0.82
E01001960,0.89
E01001961,0.84
E01032788,0.88
E01032789,0.89
E01032790,0.89
E01035484,0.87
E01035485,0.83
E01035486,0.91
E01035487,0.84
E01001962,0.88
E01001963,0.89
E01001964,0.88
E01001965,0.88
E01001966,0.9
E01001967,0.9
E01001968,0.91
E01001969,0.83
E01001970,0.83
E01001971,0.79
E01001972,0.82
E01001973,0.86
E01001974,0.87
E01001975,0.86
E01001976,0.84
E01001977,0.83
E01001978,0.82
E01001979,0.82
E01001980,0.84
E01001981,0.87
E01001982,0.85
E01001983,0.84
E01001984,0.83
E01001985,0.9
E01001986,0.88
E01001987,0.91
E01001988,0.9
E01001989,0.88
E01001990,0.9
E01001991,0.87
E01001992,0.91
E01001993,0.9
E01001994,0.88
E01001995,0.86
E01001996,0.88
E01001997,0.93
E01001998,0.88
E01001999,0.86
E01002000,0.87
E01002001,0.87
E01002002,0.85
E01002003,0.85
E01002004,0.85
E01002005,0.91
E01002006,0.9
E01002007,0.9
E01002008,0.89
E01002009,0.9
E01002010,0.83
E01002011,0.87
E01002013,0.88
E01002014,0.88
E01002015,0.79
E01002016,0.85
E01002017,0.88
E01002018,0.83
E01002019,0.87
E01002020,0.88
E01002021,0.88
E01002022,0.86
E01002023,0.88
E01002024,0.86
E01002025,0.91
E01002026,0.76
E01002027,0.82
E01002028,0.83
E01002029,0.81
E01002030,0.84
E01002031,0.84
E01002032,0.83
E01002033,0.8
E01002034,0.83
E01002036,0.82
E01002037,0.79
E01002038,0.82
E01002039,0.79
E01002040,0.81
E01002041,0.8
E01002042,0.84
E01002043,0.85
E01002044,0.85
E01002045,0.84
E01002046,0.79
E01002047,0.88
E01002048,0.84
E01002049,0.83
E01002050,0.93
E01002051,0.84
E01002052,0.92
E01002053,0.84
E01002054,0.82
E01002055,0.92
E01002056,0.85
E01002057,0.85
E01002058,0.85
E01002059,0.83
E01002060,0.89
E01002061,0.88
E01002062,0.88
E01002063,0.87
E01002064,0.84
E01002065,0.85
E01002066,0.83
E01002067,0.82
E01002068,0.86
E01002069,0.79
E01002070,0.87
E01002071,0.83
E01002072,0.78
E01002073,0.81
E01002074,0.81
E01002075,0.85
E01002076,0.82
E01002077,0.82
E01002078,0.84
E01002079,0.85
E01002081,0.79
E01002082,0.75
E01002083,0.83
E01002084,0.84
E01002085,0.85
E01002086,0.84
E01002087,0.85
E01002088,0.83
E01002089,0.8
E01002090,0.81
E01002091,0.79
E01002092,0.83
E01002093,0.77
E01002094,0.8
E01002095,0.78
E01002096,0.77
E01002097,0.79
E01002098,0.87
E01002099,0.78
E01002100,0.83
E01002101,0.86
E01002102,0.85
E01002103,0.85
E01002104,0.83
E01002105,0.85
E01032575,0.82
E01033086,0.76
E01033943,0.89
E01033944,0.86
E01033945,0.86
E01033946,0.92
E01002106,0.86
E01002107,0.87
E01002108,0.87
E01002109,0.89
E01002110,0.89
E01002111,0.85
E01002112,0.88
E01002113,0.84
E01002114,0.8
E01002115,0.87
E01002116,0.84
E01002118,0.84
E01002119,0.88
E01002120,0.8
E01002121,0.85
E01002122,0.87
E01002123,0.87
E01002124,0.85
E01002125,0.85
E01002127,0.84
E01002128,0.86
E01002129,0.89
E01002130,0.87
E01002131,0.82
E01002132,0.88
E01002133,0.8
E01002134,0.86
E01002135,0.84
E01002136,0.89
E01002137,0.94
E01002138,0.85
E01002139,0.78
E01002140,0.84
E01002141,0.81
E01002142,0.86
E01002143,0.84
E01002144,0.83
E01002145,0.8
E01002146,0.89
E01002147,0.85
E01002148,0.85
E01002149,0.86
E01002150,0.87
E01002151,0.78
E01002152,0.86
E01002153,0.87
E01002155,0.87
E01002156,0.86
E01002157,0.87
E01002158,0.88
E01002159,0.85
E01002160,0.87
E01002161,0.86
E01002162,0.86
E01002163,0.87
E01002164,0.85
E01002165,0.87
E01002166,0.86
E01002167,0.84
E01002168,0.83
E01002169,0.83
E01002170,0.85
E01002171,0.84
E01002172,0.86
E01002173,0.85
E01002174,0.85
E01002175,0.85
E01002176,0.85
E01002177,0.87
E01002178,0.85
E01002179,0.85
E01002181,0.88
E01002182,0.86
E01002183,0.83
E01002184,0.85
E01002185,0.84
E01002186,0.85
E01002187,0.85
E01002188,0.88
E01002189,0.87
E01002190,0.87
E01002191,0.88
E01002192,0.86
E01002193,0.87
E01002194,0.89
E01002195,0.88
E01002196,0.87
E01002197,0.84
E01002198,0.87
E01002199,0.85
E01002200,0.88
E01002201,0.86
E01002202,0.88
E01002203,0.87
E01002204,0.87
E01002206,0.85
E01002207,0.86
E01002208,0.84
E01002209,0.87
E01002210,0.87
E01002211,0.82
E01002212,0.86
E01002214,0.83
E01002215,0.81
E01002216,0.86
E01002217,0.85
E01002218,0.82
E01002219,0.83
E01002220,0.86
E01002221,0.84
E01002222,0.86
E01002223,0.86
E01002224,0.84
E01002225,0.79
E01002226,0.83
E01002227,0.8
E01002228,0.87
E01002229,0.82
E01002230,0.83
E01002231,0.87
E01002232,0.78
E01002233,0.83
E01002234,0.87
E01002235,0.81
E01002236,0.86
E01002237,0.88
E01002238,0.87
E01002239,0.85
E01002240,0.82
E01002241,0.83
E01002242,0.84
E01032576,0.87
E01034589,0.85
E01034590,0.91
E01034591,0.85
E01034592,0.81
E01034593,0.85
E01034594,0.9
E01034595,0.89
E01034596,0.92
E01034597,0.83
E01034598,0.93
E01034599,0.86
E01034600,0.87
E01002243,0.82
E01002244,0.86
E01002245,0.81
E01002246,0.79
E01002247,0.87
E01002248,0.85
E01002250,0.84
E01002251,0.81
E01002252,0.83
E01002253,0.88
E01002254,0.87
E01002255,0.86
E01002256,0.83
E01002257,0.87
E01002258,0.81
E01002259,0.85
E01002260,0.84
E01002261,0.85
E01002262,0.82
E01002263,0.86
E01002264,0.79
E01002265,0.86
E01002266,0.83
E01002267,0.8
E01002268,0.86
E01002269,0.86
E01002270,0.86
E01002271,0.87
E01002272,0.86
E01002273,0.84
E01002274,0.86
E01002275,0.84
E01002276,0.8
E01002277,0.8
E01002278,0.82
E01002279,0.82
E01002280,0.82
E01002281,0.84
E01002282,0.82
E01002283,0.82
E01002284,0.84
E01002285,0.84
E01002286,0.88
E01002287,0.85
E01002288,0.87
E01002289,0.86
E01002290,0.84
E01002291,0.81
E01002292,0.82
E01002294,0.83
E01002295,0.85
E01002296,0.83
E01002297,0.8
E01002298,0.83
E01002299,0.83
E01002300,0.85
E01002301,0.82
E01002302,0.83
E01002303,0.81
E01002304,0.77
E01002305,0.84
E01002306,0.82
E01002307,0.84
E01002308,0.79
E01002309,0.8
E01002310,0.78
E01002311,0.84
E01002312,0.79
E01002313,0.82
E01002314,0.8
E01002315,0.84
E01002316,0.78
E01002317,0.87
E01002318,0.83
E01002319,0.82
E01002320,0.87
E01002321,0.85
E01002322,0.86
E01002323,0.84
E01002324,0.78
E01002325,0.8
E01002326,0.84
E01002327,0.84
E01002328,0.87
E01002329,0.84
E01002330,0.85
E01002331,0.84
E01002332,0.81
E01002333,0.84
E01002334,0.86
E01002335,0.81
E01002336,0.83
E01002337,0.84
E01002338,0.86
E01002339,0.87
E01002340,0.88
E01002341,0.84
E01002342,0.84
E01002343,0.84
E01002344,0.84
E01002345,0.83
E01002346,0.84
E01002347,0.84
E01002348,0.84
E01002349,0.82
E01002350,0.83
E01002351,0.86
E01002352,0.84
E01002353,0.83
E01002354,0.85
E01002355,0.88
E01002356,0.85
E01002358,0.86
E01002359,0.84
E01002360,0.79
E01002361,0.83
E01002362,0.87
E01002363,0.82
E01002364,0.81
E01002365,0.83
E01002366,0.84
E01002367,0.86
E01002368,0.83
E01002369,0.85
E01002370,0.84
E01002371,0.86
E01002372,0.84
E01002373,0.85
E01002374,0.84
E01002375,0.82
E01002376,0.88
E01002377,0.86
E01002378,0.88
E01002379,0.86
E01002380,0.84
E01002381,0.85
E01002382,0.85
E01002383,0.86
E01002384,0.85
E01002385,0.84
E01002386,0.87
E01002387,0.85
E01002388,0.88
E01002389,0.85
E01002390,0.88
E01002391,0.82
E01032741,0.85
E01032742,0.82
E01033784,0.86
E01033785,0.9
E01033786,0.92
E01033787,0.91
E01033788,0.85
E01002392,0.84
E01002393,0.86
E01002394,0.86
E01002395,0.84
E01002396,0.8
E01002397,0.86
E01002398,0.84
E01002399,0.85
E01002400,0.8
E01002401,0.84
E01002402,0.8
E01002403,0.84
E01002404,0.82
E01002405,0.85
E01002408,0.81
E01002409,0.81
E01002410,0.85
E01002411,0.86
E01002412,0.87
E01002413,0.81
E01002414,0.88
E01002415,0.87
E01002416,0.87
E01002417,0.87
E01002418,0.83
E01002419,0.89
E01002420,0.85
E01002421,0.86
E01002422,0.85
E01002423,0.84
E01002424,0.87
E01002425,0.85
E01002426,0.86
E01002427,0.84
E01002428,0.87
E01002429,0.85
E01002430,0.89
E01002431,0.89
E01002432,0.85
E01002433,0.86
E01002434,0.88
E01002435,0.87
E01002436,0.84
E01002437,0.82
E01002438,0.86
E01002439,0.83
E01002440,0.83
E01002441,0.81
E01002442,0.83
E01002443,0.88
E01002444,0.82
E01002445,0.84
E01002446,0.86
E01002447,0.88
E01002448,0.86
E01002449,0.86
E01002450,0.88
E01002451,0.86
E01002452,0.87
E01002453,0.87
E01002454,0.82
E01002455,0.83
E01002456,0.83
E01002457,0.82
E01002458,0.89
E01002459,0.87
E01002460,0.87
E01002461,0.87
E01002462,0.9
E01002463,0.84
E01002464,0.87
E01002465,0.87
E01002466,0.89
E01002467,0.84
E01002468,0.89
E01002469,0.86
E01002470,0.84
E01002471,0.88
E01002472,0.85
E01002473,0.85
E01002474,0.86
E01002475,0.81
E01002476,0.86
E01002477,0.84
E01002478,0.86
E01002479,0.81
E01002480,0.88
E01002481,0.84
E01002482,0.88
E01002483,0.84
E01002484,0.84
E01002485,0.86
E01002486,0.85
E01002487,0.85
E01002488,0.84
E01002489,0.87
E01002490,0.84
E01002491,0.85
E01002492,0.85
E01002493,0.86
E01002494,0.87
E01002495,0.88
E01002496,0.86
E01002497,0.87
E01002498,0.84
E01002499,0.86
E01002501,0.85
E01002502,0.86
E01002503,0.83
E01002505,0.8
E01002506,0.87
E01002507,0.87
E01002508,0.78
E01002509,0.88
E01002511,0.82
E01002512,0.85
E01002513,0.85
E01002514,0.86
E01002516,0.85
E01002518,0.84
E01002519,0.81
E01002520,0.86
E01002521,0.8
E01002523,0.86
E01002525,0.84
E01002526,0.85
E01002527,0.81
E01002528,0.81
E01002529,0.87
E01002530,0.8
E01002531,0.82
E01002533,0.85
E01002534,0.85
E01002535,0.86
E01002536,0.91
E01002537,0.88
E01002538,0.83
E01002539,0.85
E01002540,0.87
E01002541,0.86
E01002542,0.86
E01002543,0.85
E01002544,0.86
E01002545,0.81
E01002546,0.84
E01002547,0.85
E01002548,0.84
E01002549,0.83
E01002550,0.84
E01002551,0.82
E01002552,0.84
E01002553,0.82
E01032577,0.86
E01034601,0.86
E01034602,0.87
E01034603,0.93
E01034604,0.84
E01034605,0.88
E01034606,0.89
E01034607,0.87
E01034608,0.89
E01034609,0.88
E01034610,0.84
E01034611,0.86
E01034612,0.85
E01034613,0.91
E01034614,0.87
E01034615,0.87
E01034616,0.91
E01034617,0.87
E01002555,0.86
E01002556,0.84
E01002557,0.85
E01002558,0.82
E01002559,0.85
E01002560,0.79
E01002561,0.87
E01002562,0.83
E01002563,0.87
E01002564,0.82
E01002565,0.88
E01002567,0.85
E01002569,0.9
E01002570,0.88
E01002571,0.89
E01002572,0.83
E01002573,0.91
E01002574,0.9
E01002575,0.91
E01002576,0.86
E01002577,0.9
E01002578,0.88
E01002579,0.87
E01002580,0.85
E01002581,0.9
E01002582,0.92
E01002583,0.84
E01002584,0.85
E01002585,0.85
E01002586,0.86
E01002587,0.82
E01002588,0.84
E01002589,0.85
E01002590,0.82
E01002591,0.83
E01002592,0.82
E01002593,0.81
E01002594,0.85
E01002595,0.83
E01002596,0.87
E01002598,0.84
E01002599,0.85
E01002600,0.85
E01002601,0.88
E01002602,0.84
E01002603,0.87
E01002604,0.82
E01002605,0.83
E01002606,0.8
E01002607,0.88
E01002608,0.83
E01002609,0.84
E01002610,0.8
E01002611,0.85
E01002612,0.86
E01002613,0.85
E01002614,0.88
E01002615,0.78
E01002616,0.84
E01002617,0.85
E01002618,0.85
E01002619,0.82
E01002620,0.86
E01002621,0.83
E01002622,0.86
E01002623,0.82
E01002624,0.85
E01002625,0.84
E01002626,0.85
E01002627,0.83
E01002628,0.84
E01002629,0.86
E01002630,0.86
E01002631,0.84
E01002632,0.81
E01002633,0.83
E01002634,0.82
E01002635,0.85
E01002636,0.83
E01002637,0.83
E01002638,0.84
E01002639,0.86
E01002640,0.88
E01002641,0.86
E01002643,0.82
E01002645,0.86
E01002646,0.83
E01002647,0.84
E01002649,0.86
E01002650,0.87
E01002651,0.84
E01002652,0.86
E01002653,0.85
E01002654,0.84
E01002655,0.86
E01002656,0.86
E01002657,0.86
E01002658,0.87
E01002659,0.87
E01002660,0.86
E01002661,0.88
E01002662,0.85
E01002663,0.82
E01002665,0.83
E01002666,0.86
E01002667,0.85
E01002668,0.87
E01002669,0.82
E01002670,0.88
E01002671,0.85
E01002672,0.84
E01002673,0.8
E01002674,0.9
E01002675,0.89
E01002676,0.84
E01002677,0.88
E01002678,0.88
E01002679,0.86
E01002680,0.87
E01002681,0.86
E01002682,0.86
E01002686,0.81
E01002687,0.89
E01002689,0.83
E01002690,0.9
E01002691,0.9
E01002692,0.89
E01002693,0.84
E01032573,0.89
E01033000,0.83
E01033030,0.92
E01033081,0.86
E01033082,0.8
E01033083,0.93
E01033084,0.88
E01034032,0.81
E01034033,0.9
E01034034,0.91
E01034035,0.87
E01034036,0.88
E01034037,0.85
E01034038,0.86
E01034039,0.87
E01034040,0.86
E01034041,0.84
E01034042,0.86
E01034043,0.85
E01034044,0.9
E01034045,0.91
E01034046,0.76
E01002694,0.8
E01002695,0.82
E01002696,0.88
E01002697,0.79
E01002698,0.88
E01002699,0.85
E01002700,0.9
E01002701,0.78
E01002702,0.84
E01002703,0.85
E01002704,0.86
E01002706,0.85
E01002707,0.82
E01002708,0.83
E01002709,0.81
E01002710,0.82
E01002711,0.86
E01002712,0.84
E01002713,0.76
E01002714,0.88
E01002715,0.83
E01002716,0.78
E01002717,0.86
E01002718,0.88
E01002719,0.86
E01002720,0.81
E01002721,0.84
E01002722,0.82
E01002723,0.83
E01002724,0.89
E01002725,0.82
E01002726,0.82
E01002727,0.86
E01002728,0.84
E01002729,0.82
E01002730,0.85
E01002732,0.75
E01002733,0.87
E01002734,0.86
E01002735,0.87
E01002736,0.77
E01002737,0.8
E01002738,0.85
E01002739,0.87
E01002740,0.92
E01002741,0.79
E01002742,0.9
E01002743,0.87
E01002744,0.86
E01002745,0.87
E01002747,0.86
E01002748,0.82
E01002749,0.87
E01002751,0.81
E01002752,0.84
E01002753,0.81
E01002754,0.87
E01002755,0.78
E01002756,0.82
E01002757,0.85
E01002758,0.8
E01002759,0.84
E01002760,0.82
E01002762,0.87
E01002763,0.8
E01002764,0.82
E01002765,0.81
E01002766,0.82
E01002767,0.81
E01002768,0.81
E01002769,0.85
E01002770,0.83
E01002771,0.85
E01002772,0.85
E01002773,0.78
E01002774,0.83
E01002775,0.87
E01002776,0.84
E01002777,0.86
E01002778,0.83
E01002779,0.88
E01002780,0.81
E01002781,0.85
E01002782,0.82
E01002783,0.77
E01002784,0.8
E01002785,0.86
E01002786,0.8
E01002787,0.87
E01002788,0.87
E01002789,0.89
E01002790,0.79
E01002791,0.87
E01002792,0.9
E01002793,0.8
E01002794,0.87
E01002795,0.87
E01002796,0.76
E01002797,0.82
E01002798,0.88
E01002799,0.83
E01002800,0.83
E01002801,0.87
E01002802,0.84
E01002804,0.8
E01002805,0.87
E01002806,0.86
E01002807,0.81
E01002808,0.85
E01002809,0.82
E01002810,0.81
E01002811,0.81
E01033486,0.81
E01033487,0.93
E01033488,0.86
E01033489,0.92
E01033490,0.86
E01033491,0.86
E01033493,0.94
E01033494,0.89
E01035651,0.87
E01035652,0.88
E01035653,0.93
E01035654,0.9
E01035655,0.81
E01035656,0.91
E01002812,0.93
E01002813,0.93
E01002814,0.85
E01002815,0.87
E01002816,0.91
E01002817,0.91
E01002818,0.95
E01002819,0.92
E01002821,0.92
E01002823,0.81
E01002824,0.89
E01002825,0.91
E01002826,0.91
E01002827,0.94
E01002828,0.89
E01002829,0.81
E01002830,0.78
E01002831,0.81
E01002832,0.82
E01002833,0.88
E01002834,0.93
E01002835,0.93
E01002836,0.92
E01002837,0.94
E01002839,0.86
E01002840,0.75
E01002841,0.85
E01002842,0.71
E01002843,0.76
E01002844,0.88
E01002845,0.83
E01002846,0.85
E01002847,0.91
E01002848,0.87
E01002849,0.92
E01002850,0.89
E01002851,0.79
E01002852,0.82
E01002853,0.79
E01002854,0.8
E01002855,0.76
E01002856,0.79
E01002857,0.79
E01002858,0.83
E01002859,0.91
E01002860,0.92
E01002861,0.89
E01002862,0.79
E01002863,0.93
E01002864,0.93
E01002865,0.95
E01002866,0.84
E01002867,0.85
E01002868,0.93
E01002869,0.88
E01002870,0.76
E01002871,0.93
E01002872,0.76
E01002873,0.86
E01002874,0.87
E01002875,0.9
E01002876,0.83
E01002877,0.82
E01002878,0.83
E01002879,0.72
E01002880,0.79
E01002881,0.78
E01002882,0.86
E01002883,0.89
E01002884,0.86
E01002885,0.93
E01002886,0.9
E01002887,0.93
E01002888,0.94
E01002889,0.91
E01002890,0.94
E01002891,0.93
E01002892,0.93
E01002893,0.84
E01002894,0.9
E01002896,0.92
E01002897,0.89
E01002898,0.9
E01002899,0.82
E01002900,0.91
E01002901,0.79
E01002902,0.89
E01002903,0.93
E01002904,0.76
E01002905,0.81
E01002906,0.74
E01002907,0.76
E01002908,0.86
E01002909,0.82
E01002910,0.86
E01002911,0.94
E01002912,0.86
E01002913,0.88
E01002914,0.88
E01035713,0.93
E01035714,0.93
E01002915,0.85
E01002916,0.85
E01002917,0.88
E01002918,0.87
E01002919,0.85
E01002920,0.88
E01002921,0.85
E01002922,0.88
E01002923,0.77
E01002924,0.88
E01002925,0.88
E01002926,0.9
E01002927,0.84
E01002928,0.83
E01002929,0.89
E01002930,0.86
E01002931,0.88
E01002932,0.83
E01002933,0.86
E01002934,0.92
E01002935,0.9
E01002937,0.91
E01002938,0.9
E01002939,0.83
E01002940,0.83
E01002941,0.84
E01002942,0.84
E01002943,0.82
E01002944,0.85
E01002945,0.88
E01002946,0.88
E01002947,0.88
E01002948,0.84
E01002949,0.86
E01002950,0.82
E01002951,0.89
E01002952,0.89
E01002953,0.87
E01002954,0.82
E01002955,0.83
E01002956,0.86
E01002957,0.86
E01002958,0.9
E01002959,0.9
E01002960,0.89
E01002961,0.88
E01002962,0.84
E01002963,0.87
E01002964,0.85
E01002965,0.87
E01002966,0.88
E01002967,0.9
E01002968,0.88
E01002969,0.8
E01002970,0.85
E01002971,0.88
E01002972,0.88
E01002973,0.83
E01002974,0.89
E01002975,0.84
E01002976,0.88
E01002977,0.83
E01002978,0.87
E01002979,0.85
E01002980,0.85
E01002981,0.85
E01002982,0.8
E01002983,0.87
E01002984,0.82
E01002985,0.88
E01002986,0.83
E01002987,0.87
E01002988,0.88
E01002989,0.91
E01002990,0.89
E01002991,0.91
E01002992,0.88
E01002993,0.88
E01002994,0.84
E01002995,0.87
E01002996,0.9
E01002997,0.9
E01002998,0.88
E01002999,0.89
E01003000,0.87
E01003001,0.85
E01003002,0.84
E01003003,0.87
E01003004,0.86
E01003005,0.86
E01003006,0.88
E01003007,0.9
E01003008,0.89
E01003009,0.89
E01003010,0.9
E01003011,0.89
E01033569,0.9
E01034576,0.92
E01034577,0.89
E01003013,0.94
E01003014,0.82
E01003015,0.83
E01003016,0.84
E01003017,0.83
E01003018,0.91
E01003019,0.9
E01003020,0.87
E01003021,0.76
E01003022,0.87
E01003023,0.89
E01003024,0.86
E01003025,0.86
E01003026,0.88
E01003027,0.93
E01003028,0.89
E01003029,0.9
E01003030,0.93
E01003031,0.88
E01003032,0.84
E01003033,0.92
E01003034,0.88
E01003035,0.89
E01003036,0.86
E01003037,0.77
E01003038,0.91
E01003039,0.92
E01003040,0.9
E01003041,0.81
E01003042,0.87
E01003043,0.88
E01003044,0.82
E01003045,0.83
E01003046,0.84
E01003047,0.85
E01003048,0.83
E01003049,0.85
E01003050,0.88
E01003051,0.87
E01003052,0.82
E01003053,0.89
E01003054,0.92
E01003055,0.84
E01003056,0.88
E01003057,0.85
E01003058,0.89
E01003059,0.84
E01003060,0.87
E01003061,0.84
E01003062,0.87
E01003063,0.78
E01003064,0.91
E01003065,0.84
E01003066,0.8
E01003067,0.88
E01003068,0.87
E01003069,0.84
E01003070,0.8
E01003071,0.89
E01003072,0.87
E01003073,0.85
E01003074,0.87
E01003075,0.84
E01003076,0.9
E01003077,0.86
E01003078,0.89
E01003079,0.89
E01003080,0.88
E01003081,0.87
E01003082,0.82
E01003083,0.83
E01003084,0.87
E01003085,0.86
E01003086,0.79
E01003087,0.81
E01003088,0.87
E01003089,0.88
E01003090,0.9
E01003091,0.9
E01003092,0.87
E01003093,0.82
E01003094,0.85
E01003095,0.92
E01003096,0.89
E01003097,0.81
E01003098,0.87
E01003099,0.85
E01003100,0.92
E01003101,0.85
E01003102,0.85
E01003104,0.89
E01003105,0.82
E01003106,0.86
E01003107,0.89
E01003108,0.82
E01003110,0.86
E01003111,0.81
E01003112,0.84
E01003113,0.88
E01003114,0.9
E01003115,0.88
E01003116,0.87
E01003117,0.88
E01003118,0.89
E01003119,0.89
E01003120,0.87
E01003121,0.82
E01003122,0.88
E01003123,0.87
E01003124,0.84
E01003125,0.84
E01003126,0.86
E01003127,0.88
E01003128,0.85
E01003129,0.89
E01003130,0.88
E01003131,0.91
E01003132,0.78
E01003133,0.89
E01003134,0.87
E01003135,0.85
E01003136,0.88
E01003137,0.86
E01003138,0.93
E01003139,0.88
E01003140,0.86
E01003141,0.86
E01003142,0.88
E01003143,0.8
E01003144,0.85
E01003145,0.87
E01003146,0.87
E01003147,0.87
E01003148,0.9
E01003149,0.87
E01003150,0.84
E01003151,0.84
E01003152,0.89
E01003153,0.9
E01003154,0.84
E01003155,0.86
E01003156,0.87
E01003157,0.92
E01003158,0.92
E01003159,0.84
E01003160,0.86
E01003161,0.9
E01003162,0.86
E01003163,0.88
E01003164,0.87
E01003165,0.86
E01003166,0.84
E01003167,0.9
E01003168,0.79
E01003169,0.87
E01003170,0.89
E01003171,0.87
E01003172,0.85
E01003173,0.88
E01003174,0.85
E01003175,0.81
E01003176,0.87
E01003177,0.87
E01003178,0.9
E01003179,0.85
E01003180,0.86
E01003181,0.82
E01003182,0.85
E01003183,0.78
E01003184,0.85
E01003185,0.89
E01003186,0.9
E01003187,0.86
E01003188,0.82
E01032582,0.88
E01033208,0.91
E01033862,0.9
E01033863,0.81
E01033864,0.78
E01033865,0.88
E01033866,0.94
E01003189,0.79
E01003190,0.85
E01003191,0.81
E01003192,0.81
E01003193,0.85
E01003194,0.8
E01003195,0.86
E01003196,0.81
E01003197,0.8
E01003198,0.87
E01003199,0.88
E01003200,0.89
E01003201,0.82
E01003202,0.87
E01003203,0.84
E01003204,0.85
E01003205,0.85
E01003206,0.85
E01003207,0.83
E01003209,0.85
E01003210,0.89
E01003211,0.88
E01003212,0.88
E01003213,0.9
E01003214,0.83
E01003215,0.88
E01003216,0.85
E01003217,0.85
E01003218,0.87
E01003219,0.82
E01003220,0.8
E01003221,0.84
E01003222,0.84
E01003223,0.83
E01003224,0.83
E01003225,0.9
E01003226,0.89
E01003227,0.89
E01003228,0.89
E01003229,0.81
E01003230,0.86
E01003231,0.87
E01003232,0.87
E01003233,0.86
E01003235,0.83
E01003236,0.82
E01003237,0.81
E01003238,0.83
E01003239,0.84
E01003240,0.82
E01003241,0.77
E01003243,0.83
E01003244,0.87
E01003245,0.86
E01003246,0.86
E01003247,0.87
E01003248,0.84
E01003249,0.84
E01003251,0.85
E01003252,0.81
E01003253,0.82
E01003254,0.89
E01003255,0.89
E01003256,0.85
E01003257,0.84
E01003258,0.84
E01003259,0.88
E01003260,0.88
E01003261,0.88
E01003262,0.88
E01003263,0.82
E01003264,0.84
E01003265,0.84
E01003266,0.8
E01003267,0.8
E01003268,0.86
E01003269,0.84
E01003270,0.87
E01003271,0.86
E01003272,0.87
E01003273,0.87
E01003274,0.87
E01003275,0.82
E01003276,0.88
E01003277,0.87
E01003278,0.86
E01003279,0.87
E01003280,0.85
E01003281,0.86
E01003282,0.87
E01003283,0.9
E01003284,0.87
E01003285,0.9
E01003286,0.79
E01003287,0.89
E01003288,0.81
E01003290,0.83
E01003291,0.79
E01003292,0.86
E01003293,0.85
E01003295,0.83
E01003297,0.87
E01003298,0.83
E01003299,0.86
E01003300,0.82
E01003301,0.88
E01003302,0.85
E01003303,0.85
E01003304,0.85
E01003305,0.87
E01003307,0.87
E01003308,0.87
E01003309,0.82
E01003310,0.84
E01003311,0.87
E01003312,0.87
E01003313,0.85
E01003314,0.89
E01003315,0.85
E01003316,0.89
E01003318,0.81
E01003319,0.84
E01003320,0.86
E01003321,0.84
E01003322,0.86
E01003323,0.84
E01003324,0.83
E01003325,0.83
E01003326,0.83
E01003327,0.86
E01003328,0.84
E01003329,0.87
E01003330,0.85
E01003331,0.8
E01003332,0.84
E01003333,0.83
E01003334,0.84
E01003335,0.81
E01003336,0.82
E01003337,0.83
E01003338,0.83
E01003339,0.86
E01003340,0.9
E01003341,0.87
E01003342,0.89
E01003343,0.84
E01003344,0.86
E01003345,0.88
E01003346,0.78
E01003347,0.8
E01003348,0.85
E01003349,0.82
E01003350,0.84
E01003351,0.83
E01003352,0.84
E01003353,0.88
E01003354,0.87
E01032564,0.8
E01032565,0.81
E01032579,0.86
E01033320,0.87
E01033322,0.88
E01033324,0.82
E01033325,0.93
E01033327,0.89
E01033341,0.83
E01034387,0.93
E01034388,0.9
E01034389,0.87
E01034390,0.88
E01034391,0.88
E01034392,0.87
E01034393,0.94
E01034394,0.93
E01034395,0.88
E01003355,0.91
E01003356,0.9
E01003357,0.83
E01003358,0.92
E01003359,0.86
E01003360,0.93
E01003361,0.87
E01003362,0.87
E01003363,0.87
E01003364,0.86
E01003365,0.86
E01003366,0.86
E01003368,0.87
E01003369,0.87
E01003370,0.88
E01003371,0.87
E01003372,0.85
E01003373,0.8
E01003374,0.82
E01003375,0.83
E01003376,0.83
E01003377,0.83
E01003378,0.88
E01003379,0.82
E01003380,0.92
E01003381,0.92
E01003382,0.9
E01003383,0.93
E01003384,0.93
E01003385,0.93
E01003386,0.87
E01003387,0.85
E01003388,0.83
E01003389,0.87
E01003390,0.86
E01003391,0.85
E01003392,0.86
E01003393,0.89
E01003394,0.85
E01003395,0.86
E01003396,0.87
E01003397,0.84
E01003398,0.86
E01003399,0.89
E01003400,0.92
E01003401,0.9
E01003402,0.91
E01003403,0.88
E01003404,0.89
E01003405,0.86
E01003406,0.83
E01003407,0.89
E01003408,0.87
E01003409,0.83
E01003410,0.84
E01003411,0.87
E01003412,0.84
E01003413,0.88
E01003414,0.8
E01003415,0.86
E01003416,0.86
E01003417,0.87
E01003418,0.86
E01003419,0.87
E01003420,0.88
E01003421,0.87
E01003422,0.83
E01003423,0.9
E01003424,0.89
E01003425,0.9
E01003426,0.87
E01003427,0.87
E01003428,0.89
E01003429,0.85
E01003430,0.87
E01003431,0.83
E01003432,0.85
E01003433,0.84
E01003434,0.85
E01003435,0.88
E01003436,0.82
E01003437,0.83
E01003438,0.82
E01003439,0.83
E01003440,0.84
E01003441,0.82
E01003442,0.89
E01003443,0.91
E01003444,0.89
E01003445,0.88
E01003446,0.88
E01003447,0.82
E01003448,0.87
E01003449,0.85
E01003450,0.83
E01003451,0.83
E01003452,0.8
E01003453,0.86
E01003454,0.87
E01003455,0.9
E01003456,0.91
E01003457,0.93
E01003458,0.91
E01003459,0.85
E01003460,0.87
E01003461,0.93
E01003462,0.89
E01003463,0.91
E01003464,0.86
E01003465,0.9
E01003466,0.88
E01003467,0.86
E01003468,0.89
E01003469,0.84
E01003470,0.87
E01003471,0.87
E01003472,0.93
E01003473,0.92
E01003474,0.94
E01003476,0.91
E01003477,0.9
E01003478,0.93
E01034578,0.87
E01034579,0.91
E01034580,0.86
E01034581,0.87
E01003479,0.85
E01003480,0.83
E01003481,0.82
E01003483,0.79
E01003484,0.88
E01003485,0.85
E01003486,0.76
E01003487,0.79
E01003488,0.79
E01003489,0.84
E01003490,0.83
E01003491,0.79
E01003492,0.86
E01003494,0.86
E01003495,0.88
E01003496,0.82
E01003497,0.81
E01003498,0.85
E01003499,0.81
E01003500,0.83
E01003501,0.83
E01003502,0.86
E01003503,0.87
E01003506,0.8
E01003507,0.83
E01003508,0.87
E01003509,0.82
E01003511,0.84
E01003512,0.83
E01003513,0.87
E01003514,0.86
E01003515,0.8
E01003516,0.83
E01003517,0.8
E01003518,0.88
E01003519,0.83
E01003520,0.83
E01003521,0.84
E01003522,0.83
E01003523,0.83
E01003524,0.84
E01003525,0.85
E01003526,0.82
E01003527,0.85
E01003528,0.79
E01003529,0.84
E01003530,0.84
E01003531,0.83
E01003532,0.83
E01003533,0.82
E01003534,0.83
E01003535,0.78
E01003536,0.86
E01003537,0.85
E01003538,0.83
E01003539,0.87
E01003540,0.84
E01003541,0.86
E01003542,0.83
E01003543,0.84
E01003544,0.84
E01003545,0.85
E01003546,0.83
E01003547,0.84
E01003548,0.85
E01003549,0.85
E01003550,0.85
E01003551,0.85
E01003552,0.83
E01003553,0.83
E01003554,0.85
E01003555,0.85
E01003556,0.84
E01003557,0.85
E01003558,0.84
E01003559,0.86
E01003560,0.83
E01003561,0.85
E01003562,0.83
E01003563,0.86
E01003564,0.84
E01003565,0.83
E01003566,0.81
E01003567,0.86
E01003568,0.84
E01003569,0.83
E01003570,0.85
E01003571,0.85
E01003572,0.82
E01003573,0.85
E01003574,0.82
E01003575,0.84
E01003576,0.8
E01003577,0.84
E01003578,0.86
E01003579,0.82
E01003580,0.83
E01003581,0.83
E01003582,0.83
E01003583,0.83
E01003584,0.83
E01003585,0.83
E01003586,0.83
E01003587,0.81
E01003588,0.82
E01003589,0.84
E01003590,0.82
E01003591,0.83
E01003592,0.82
E01003593,0.82
E01003594,0.84
E01003595,0.83
E01003596,0.84
E01003597,0.81
E01003598,0.83
E01003599,0.84
E01003600,0.82
E01003601,0.81
E01003602,0.87
E01003603,0.86
E01003604,0.85
E01003605,0.83
E01003607,0.84
E01003608,0.87
E01003611,0.84
E01003615,0.82
E01003616,0.82
E01003618,0.86
E01003619,0.84
E01003621,0.86
E01003622,0.84
E01003623,0.81
E01003624,0.82
E01003625,0.86
E01003626,0.85
E01003627,0.82
E01003628,0.84
E01003629,0.85
E01003630,0.83
E01003631,0.85
E01003632,0.88
E01003633,0.82
E01003634,0.8
E01003635,0.85
E01003636,0.83
E01003637,0.85
E01033579,0.92
E01033580,0.93
E01033581,0.84
E01033582,0.92
E01033584,0.84
E01033586,0.87
E01034199,0.83
E01034200,0.92
E01034201,0.85
E01034202,0.87
E01034203,0.88
E01034204,0.84
E01034205,0.87
E01034206,0.86
E01034207,0.94
E01034208,0.8
E01034209,0.93
E01034210,0.88
E01034211,0.96
E01034212,0.9
E01034213,0.92
E01034214,0.92
E01034215,0.93
E01034216,0.92
E01034217,0.92
E01034218,0.86
E01034219,0.93
E01034220,0.94
E01034221,0.87
E01034222,0.9
E01034223,0.9
E01034224,0.85
E01034225,0.87
E01034226,0.92
E01034227,0.91
E01034228,0.95
E01034229,0.89
E01034230,0.96
E01034231,0.94
E01003638,0.84
E01003639,0.85
E01003640,0.85
E01003641,0.86
E01003642,0.84
E01003643,0.84
E01003644,0.86
E01003645,0.86
E01003646,0.84
E01003647,0.86
E01003648,0.85
E01003649,0.84
E01003650,0.82
E01003651,0.83
E01003652,0.86
E01003653,0.88
E01003654,0.86
E01003655,0.88
E01003656,0.8
E01003657,0.86
E01003658,0.82
E01003659,0.89
E01003660,0.9
E01003661,0.84
E01003662,0.85
E01003663,0.81
E01003664,0.88
E01003665,0.86
E01003666,0.87
E01003668,0.87
E01003669,0.89
E01003670,0.86
E01003671,0.9
E01003672,0.85
E01003673,0.89
E01003674,0.89
E01003675,0.84
E01003676,0.86
E01003677,0.85
E01003678,0.85
E01003679,0.87
E01003680,0.87
E01003681,0.83
E01003682,0.86
E01003683,0.83
E01003684,0.87
E01003685,0.87
E01003686,0.85
E01003688,0.81
E01003689,0.82
E01003690,0.84
E01003691,0.86
E01003692,0.84
E01003693,0.86
E01003694,0.83
E01003695,0.83
E01003696,0.84
E01003697,0.86
E01003698,0.88
E01003699,0.86
E01003700,0.84
E01003701,0.86
E01003702,0.88
E01003703,0.85
E01003704,0.84
E01003705,0.85
E01003706,0.85
E01003707,0.83
E01003708,0.83
E01003709,0.84
E01003710,0.84
E01003711,0.83
E01003712,0.78
E01003713,0.84
E01003714,0.87
E01003715,0.86
E01003716,0.84
E01003718,0.86
E01003719,0.86
E01003720,0.77
E01003721,0.83
E01003722,0.85
E01003723,0.83
E01003724,0.86
E01003725,0.85
E01003726,0.88
E01003727,0.81
E01003729,0.81
E01003730,0.85
E01003731,0.84
E01003732,0.81
E01003733,0.85
E01003734,0.85
E01003735,0.79
E01003736,0.89
E01003737,0.88
E01003738,0.85
E01003739,0.85
E01003740,0.85
E01003741,0.85
E01003742,0.87
E01003743,0.82
E01003744,0.86
E01003745,0.9
E01003746,0.87
E01003747,0.88
E01003748,0.87
E01003749,0.85
E01003750,0.84
E01003751,0.85
E01003752,0.87
E01003753,0.84
E01003754,0.83
E01003755,0.87
E01003756,0.85
E01003757,0.84
E01003759,0.89
E01003760,0.86
E01003761,0.82
E01003762,0.88
E01003763,0.88
E01003764,0.87
E01003765,0.9
E01003766,0.87
E01003767,0.86
E01003768,0.82
E01003769,0.83
E01003770,0.87
E01003771,0.83
E01003772,0.84
E01003773,0.86
E01003774,0.87
E01003775,0.85
E01003776,0.8
E01003777,0.89
E01003778,0.9
E01003779,0.84
E01003780,0.88
E01003781,0.84
E01003782,0.88
E01003783,0.84
E01003784,0.85
E01003785,0.86
E01003786,0.87
E01003787,0.85
E01003788,0.84
E01003789,0.87
E01003790,0.85
E01003791,0.86
E01003792,0.89
E01003793,0.82
E01003794,0.89
E01003795,0.88
E01003796,0.87
E01032581,0.84
E01033589,0.9
E01033590,0.88
E01033591,0.86
E01033592,0.86
E01034480,0.88
E01034481,0.85
E01034482,0.94
E01034483,0.89
E01034484,0.84
E01003797,0.88
E01003798,0.89
E01003799,0.92
E01003800,0.85
E01003801,0.92
E01003802,0.91
E01003803,0.83
E01003804,0.91
E01003805,0.93
E01003806,0.93
E01003807,0.89
E01003808,0.92
E01003809,0.91
E01003810,0.9
E01003811,0.92
E01003812,0.89
E01003813,0.9
E01003814,0.85
E01003815,0.87
E01003816,0.87
E01003817,0.85
E01003818,0.88
E01003819,0.82
E01003820,0.87
E01003821,0.92
E01003822,0.9
E01003823,0.88
E01003824,0.89
E01003825,0.9
E01003826,0.79
E01003827,0.88
E01003828,0.86
E01003829,0.8
E01003830,0.88
E01003831,0.87
E01003832,0.76
E01003833,0.83
E01003834,0.88
E01003835,0.92
E01003836,0.86
E01003837,0.89
E01003838,0.89
E01003839,0.87
E01003840,0.87
E01003841,0.84
E01003842,0.82
E01003843,0.8
E01003844,0.87
E01003845,0.87
E01003846,0.92
E01003847,0.9
E01003848,0.9
E01003849,0.89
E01003851,0.9
E01003852,0.87
E01003853,0.87
E01003854,0.91
E01003855,0.86
E01003856,0.9
E01003857,0.93
E01003858,0.94
E01003859,0.91
E01003860,0.9
E01003861,0.92
E01003862,0.88
E01003863,0.85
E01003864,0.9
E01003865,0.87
E01003866,0.92
E01003867,0.88
E01003868,0.93
E01003869,0.92
E01003870,0.93
E01003871,0.92
E01003872,0.92
E01003873,0.91
E01003874,0.92
E01003875,0.89
E01003876,0.91
E01003877,0.93
E01003878,0.82
E01003879,0.93
E01003880,0.91
E01003881,0.91
E01003882,0.9
E01003883,0.92
E01003884,0.88
E01003885,0.9
E01003886,0.92
E01003887,0.9
E01003888,0.86
E01003889,0.9
E01003890,0.92
E01003891,0.88
E01003892,0.88
E01003893,0.87
E01003894,0.91
E01003895,0.92
E01003896,0.9
E01003897,0.9
E01003898,0.89
E01003899,0.9
E01003900,0.83
E01003901,0.91
E01003902,0.89
E01003903,0.87
E01003904,0.89
E01003905,0.89
E01003906,0.83
E01003907,0.82
E01003908,0.88
E01003909,0.87
E01003910,0.87
E01033570,0.92
E01033571,0.84
E01003911,0.87
E01003912,0.84
E01003913,0.88
E01003914,0.86
E01003915,0.83
E01003916,0.89
E01003917,0.83
E01003918,0.82
E01003919,0.85
E01003920,0.84
E01003921,0.87
E01003922,0.86
E01003923,0.85
E01003924,0.84
E01003925,0.86
E01003926,0.85
E01003929,0.88
E01003930,0.87
E01003932,0.84
E01003933,0.87
E01003934,0.86
E01003935,0.85
E01003936,0.93
E01003937,0.9
E01003938,0.86
E01003939,0.92
E01003940,0.83
E01003941,0.89
E01003942,0.85
E01003943,0.85
E01003945,0.89
E01003946,0.88
E01003947,0.86
E01003948,0.88
E01003949,0.87
E01003950,0.83
E01003951,0.89
E01003952,0.89
E01003953,0.88
E01003954,0.89
E01003955,0.87
E01003956,0.86
E01003957,0.89
E01003958,0.87
E01003960,0.86
E01003961,0.8
E01003963,0.83
E01003966,0.83
E01003969,0.9
E01003971,0.88
E01003972,0.87
E01003973,0.84
E01003975,0.85
E01003976,0.87
E01003977,0.84
E01003979,0.8
E01003980,0.81
E01003981,0.83
E01003983,0.85
E01003984,0.85
E01003986,0.8
E01003987,0.79
E01003988,0.81
E01003989,0.87
E01003990,0.83
E01003991,0.74
E01003992,0.81
E01003993,0.85
E01003994,0.85
E01003995,0.79
E01003997,0.86
E01003998,0.82
E01003999,0.84
E01004000,0.83
E01004001,0.79
E01004002,0.86
E01004003,0.82
E01004004,0.85
E01004005,0.82
E01004006,0.85
E01004007,0.83
E01004008,0.85
E01004010,0.87
E01004011,0.82
E01004012,0.88
E01004013,0.82
E01004014,0.83
E01004015,0.89
E01004016,0.86
E01004017,0.9
E01004018,0.9
E01004019,0.87
E01004020,0.85
E01004021,0.9
E01004023,0.83
E01004024,0.8
E01004028,0.86
E01004029,0.9
E01004030,0.84
E01004031,0.88
E01004032,0.92
E01004033,0.85
E01004034,0.86
E01004035,0.79
E01004036,0.84
E01004037,0.88
E01004038,0.88
E01004039,0.86
E01004040,0.82
E01004041,0.85
E01004042,0.81
E01004043,0.81
E01004044,0.83
E01004045,0.86
E01004046,0.89
E01004047,0.86
E01004048,0.87
E01004049,0.87
E01004050,0.9
E01004051,0.87
E01004052,0.88
E01004053,0.91
E01004054,0.91
E01004055,0.78
E01004056,0.85
E01004057,0.89
E01004058,0.94
E01004059,0.93
E01004060,0.84
E01004061,0.88
E01004062,0.87
E01004063,0.87
E01004064,0.85
E01004065,0.88
E01004066,0.86
E01004067,0.86
E01004068,0.81
E01004069,0.91
E01004070,0.88
E01004071,0.84
E01004072,0.89
E01004073,0.91
E01004074,0.91
E01004075,0.92
E01032583,0.88
E01032584,0.85
E01032637,0.95
E01032638,0.92
E01032639,0.89
E01032640,0.93
E01032646,0.89
E01032719,0.85
E01032803,0.92
E01032834,0.94
E01033867,0.84
E01033868,0.94
E01033869,0.85
E01033870,0.91
E01033871,0.84
E01033872,0.87
E01033873,0.86
E01033874,0.94
E01033875,0.88
E01033876,0.92
E01033877,0.87
E01033878,0.85
E01033879,0.85
E01033880,0.89
E01033881,0.82
E01033882,0.83
E01033883,0.86
E01033884,0.91
E01033885,0.86
E01004076,0.85
E01004077,0.83
E01004078,0.85
E01004079,0.87
E01004080,0.87
E01004081,0.86
E01004082,0.86
E01004083,0.77
E01004084,0.87
E01004085,0.86
E01004086,0.86
E01004087,0.86
E01004088,0.76
E01004089,0.78
E01004090,0.79
E01004091,0.88
E01004092,0.87
E01004093,0.88
E01004094,0.88
E01004095,0.88
E01004096,0.87
E01004097,0.88
E01004098,0.87
E01004099,0.85
E01004100,0.88
E01004101,0.87
E01004102,0.89
E01004103,0.87
E01004104,0.89
E01004105,0.89
E01004106,0.87
E01004107,0.84
E01004108,0.87
E01004109,0.83
E01004110,0.85
E01004111,0.83
E01004112,0.88
E01004114,0.86
E01004115,0.88
E01004116,0.83
E01004117,0.89
E01004118,0.86
E01004119,0.88
E01004120,0.88
E01004121,0.85
E01004122,0.85
E01004123,0.84
E01004124,0.84
E01004125,0.8
E01004126,0.81
E01004127,0.85
E01004128,0.8
E01004129,0.79
E01004130,0.85
E01004131,0.89
E01004132,0.89
E01004133,0.87
E01004134,0.83
E01004135,0.86
E01004136,0.86
E01004137,0.9
E01004138,0.87
E01004139,0.87
E01004140,0.8
E01004141,0.83
E01004143,0.88
E01004144,0.86
E01004145,0.87
E01004146,0.86
E01004147,0.85
E01004148,0.83
E01004149,0.85
E01004150,0.83
E01004151,0.83
E01004152,0.83
E01004153,0.88
E01004154,0.88
E01004155,0.87
E01004156,0.87
E01004157,0.89
E01004158,0.86
E01004159,0.85
E01004160,0.87
E01004161,0.87
E01004162,0.87
E01004163,0.85
E01004164,0.85
E01004165,0.84
E01004166,0.85
E01004167,0.82
E01004168,0.86
E01004169,0.89
E01004170,0.88
E01004171,0.86
E01004172,0.82
E01004173,0.82
E01004174,0.85
E01004175,0.88
E01004176,0.86
E01004177,0.77
E01004178,0.86
E01004179,0.88
E01004180,0.87
E01004181,0.83
E01004182,0.82
E01004183,0.82
E01004184,0.84
E01004185,0.84
E01004186,0.86
E01004187,0.82
E01004189,0.82
E01004190,0.86
E01004191,0.87
E01004192,0.89
E01004193,0.89
E01004194,0.84
E01004195,0.87
E01004196,0.87
E01032623,0.87
E01034153,0.86
E01034154,0.93
E01034155,0.85
E01034156,0.88
E01004198,0.76
E01004199,0.8
E01004200,0.87
E01004201,0.84
E01004202,0.88
E01004203,0.85
E01004204,0.79
E01004205,0.81
E01004206,0.77
E01004207,0.83
E01004208,0.87
E01004209,0.83
E01004211,0.86
E01004212,0.85
E01004214,0.8
E01004216,0.86
E01004217,0.83
E01004218,0.86
E01004219,0.88
E01004221,0.86
E01004222,0.77
E01004223,0.8
E01004226,0.85
E01004228,0.85
E01004229,0.82
E01004230,0.84
E01004231,0.83
E01004232,0.89
E01004233,0.79
E01004234,0.87
E01004235,0.8
E01004236,0.8
E01004237,0.85
E01004239,0.75
E01004240,0.81
E01004241,0.8
E01004243,0.87
E01004244,0.78
E01004245,0.86
E01004247,0.83
E01004248,0.84
E01004249,0.8
E01004251,0.83
E01004255,0.81
E01004256,0.79
E01004257,0.84
E01004258,0.87
E01004259,0.87
E01004260,0.83
E01004263,0.81
E01004264,0.81
E01004266,0.81
E01004267,0.85
E01004268,0.79
E01004270,0.88
E01004271,0.85
E01004272,0.83
E01004274,0.84
E01004275,0.87
E01004276,0.92
E01004277,0.93
E01004280,0.85
E01004281,0.91
E01004283,0.82
E01004286,0.79
E01004287,0.79
E01004288,0.78
E01004289,0.81
E01004290,0.84
E01004291,0.9
E01004292,0.91
E01004293,0.89
E01004295,0.84
E01004296,0.85
E01004297,0.89
E01004298,0.79
E01004300,0.79
E01004301,0.83
E01004302,0.84
E01004303,0.85
E01004304,0.81
E01004305,0.83
E01004306,0.86
E01004307,0.9
E01004308,0.81
E01004309,0.84
E01004310,0.83
E01004311,0.82
E01004312,0.79
E01004313,0.85
E01004315,0.82
E01004316,0.85
E01004319,0.84
E01004321,0.83
E01004322,0.87
E01004323,0.84
E01004324,0.83
E01004326,0.84
E01032764,0.89
E01032765,0.83
E01032767,0.92
E01032768,0.92
E01032769,0.89
E01032770,0.9
E01032771,0.9
E01032772,0.88
E01032774,0.86
E01032775,0.93
E01032776,0.92
E01032777,0.87
E01032779,0.93
E01032780,0.93
E01032781,0.89
E01032782,0.89
E01032783,0.86
E01032784,0.87
E01032785,0.91
E01032786,0.86
E01032787,0.83
E01035657,0.94
E01035658,0.91
E01035659,0.81
E01035660,0.85
E01035661,0.77
E01035662,0.93
E01035663,0.89
E01035664,0.85
E01035665,0.92
E01035666,0.86
E01035667,0.83
E01035668,0.85
E01035669,0.89
E01035670,0.84
E01035671,0.89
E01035672,0.84
E01035673,0.85
E01035674,0.87
E01035675,0.83
E01035676,0.82
E01035677,0.85
E01035678,0.86
E01035679,0.84
E01035680,0.88
E01035681,0.79
E01035682,0.85
E01035683,0.81
E01035684,0.84
E01035685,0.8
E01035686,0.86
E01035687,0.92
E01035688,0.93
E01035689,0.89
E01035690,0.9
E01035691,0.93
E01035692,0.86
E01035693,0.88
E01035694,0.86
E01035695,0.82
E01035696,0.92
E01035697,0.86
E01035698,0.92
E01035699,0.9
E01035700,0.96
E01035701,0.94
E01035702,0.91
E01035703,0.95
E01035704,0.9
E01035705,0.81
E01035706,0.91
E01004327,0.85
E01004328,0.87
E01004329,0.87
E01004330,0.88
E01004331,0.84
E01004332,0.85
E01004333,0.84
E01004334,0.84
E01004335,0.81
E01004336,0.82
E01004337,0.82
E01004338,0.89
E01004339,0.87
E01004340,0.81
E01004341,0.82
E01004342,0.86
E01004343,0.87
E01004344,0.87
E01004345,0.87
E01004346,0.88
E01004347,0.89
E01004348,0.88
E01004349,0.83
E01004350,0.74
E01004351,0.86
E01004352,0.81
E01004353,0.83
E01004354,0.87
E01004355,0.83
E01004356,0.83
E01004357,0.83
E01004358,0.85
E01004359,0.86
E01004360,0.88
E01004361,0.87
E01004362,0.86
E01004363,0.87
E01004364,0.84
E01004365,0.84
E01004366,0.84
E01004367,0.84
E01004368,0.86
E01004369,0.88
E01004370,0.89
E01004371,0.87
E01004372,0.88
E01004373,0.86
E01004374,0.87
E01004375,0.86
E01004376,0.84
E01004377,0.85
E01004378,0.85
E01004379,0.88
E01004380,0.86
E01004381,0.86
E01004382,0.85
E01004383,0.88
E01004384,0.78
E01004385,0.82
E01004386,0.88
E01004387,0.88
E01004388,0.84
E01004389,0.8
E01004390,0.79
E01004391,0.88
E01004392,0.87
E01004393,0.83
E01004394,0.81
E01004395,0.88
E01004396,0.87
E01004397,0.86
E01004398,0.8
E01004399,0.82
E01004400,0.85
E01004401,0.86
E01004402,0.84
E01004403,0.86
E01004404,0.85
E01004405,0.84
E01004406,0.87
E01004407,0.84
E01004408,0.85
E01004409,0.82
E01004410,0.77
E01004411,0.87
E01004412,0.87
E01004413,0.74
E01004414,0.85
E01004415,0.77
E01004416,0.85
E01004417,0.81
E01004418,0.86
E01004419,0.88
E01004420,0.82
E01004421,0.83
E01004422,0.87
E01004423,0.81
E01004424,0.85
E01004425,0.87
E01004426,0.84
E01004427,0.88
E01004428,0.81
E01004429,0.85
E01004430,0.88
E01004432,0.87
E01004434,0.84
E01004435,0.84
E01004436,0.83
E01004437,0.85
E01004438,0.86
E01004439,0.84
E01004440,0.86
E01004441,0.87
E01004442,0.87
E01004443,0.85
E01004444,0.85
E01004445,0.86
E01004446,0.88
E01004447,0.87
E01004448,0.87
E01004449,0.79
E01004450,0.85
E01004451,0.85
E01004452,0.84
E01004453,0.85
E01004454,0.85
E01004455,0.83
E01004456,0.8
E01004457,0.87
E01004458,0.86
E01004459,0.81
E01004460,0.88
E01004462,0.87
E01004463,0.88
E01004464,0.85
E01004465,0.87
E01004466,0.87
E01004467,0.84
E01004468,0.89
E01004469,0.85
E01004470,0.88
E01004471,0.86
E01034485,0.87
E01034486,0.94
E01034487,0.83
E01034488,0.81
E01004472,0.92
E01004473,0.89
E01004474,0.9
E01004475,0.91
E01004476,0.89
E01004477,0.93
E01004478,0.95
E01004479,0.94
E01004480,0.93
E01004481,0.9
E01004482,0.89
E01004483,0.89
E01004484,0.89
E01004485,0.87
E01004486,0.89
E01004487,0.88
E01004488,0.89
E01004489,0.88
E01004490,0.94
E01004491,0.9
E01004492,0.88
E01004493,0.9
E01004494,0.88
E01004495,0.86
E01004496,0.91
E01004497,0.88
E01004498,0.93
E01004499,0.91
E01004500,0.88
E01004501,0.86
E01004502,0.91
E01004503,0.88
E01004504,0.92
E01004505,0.9
E01004506,0.91
E01004507,0.92
E01004508,0.91
E01004510,0.9
E01004511,0.93
E01004512,0.89
E01004513,0.9
E01004514,0.92
E01004515,0.88
E01004516,0.89
E01004517,0.89
E01004518,0.87
E01004519,0.86
E01004520,0.84
E01004521,0.87
E01004522,0.86
E01004523,0.84
E01004524,0.83
E01004525,0.89
E01004526,0.88
E01004527,0.86
E01004528,0.82
E01004529,0.89
E01004530,0.87
E01004531,0.86
E01004532,0.87
E01004533,0.85
E01004534,0.92
E01004535,0.83
E01004536,0.88
E01004537,0.85
E01004538,0.86
E01004539,0.84
E01004540,0.88
E01004541,0.79
E01004542,0.92
E01004543,0.93
E01004544,0.9
E01004545,0.92
E01004546,0.92
E01004547,0.83
E01004548,0.88
E01004549,0.88
E01004550,0.84
E01004551,0.89
E01004552,0.94
E01004553,0.92
E01004554,0.95
E01004555,0.95
E01004556,0.94
E01004557,0.92
E01004558,0.93
E01004559,0.92
E01004560,0.91
E01004563,0.87
E01004564,0.88
E01004565,0.88
E01004566,0.91
E01004567,0.84
E01004568,0.84
E01004569,0.83
E01004570,0.83
E01004571,0.84
E01004572,0.87
E01004573,0.85
E01004574,0.85
E01004575,0.79
E01004576,0.85
E01004577,0.89
E01004579,0.89
E01004580,0.91
E01004581,0.88
E01004582,0.89
E01004583,0.81
E01004584,0.81
E01004585,0.9
E01004586,0.91
E01004587,0.92
E01004588,0.94
E01004589,0.94
E01004590,0.82
E01004591,0.87
E01004592,0.83
E01004593,0.91
E01004594,0.93
E01004595,0.91
E01004596,0.92
E01004597,0.88
E01004598,0.93
E01004599,0.93
E01004601,0.88
E01004602,0.92
E01004604,0.93
E01004605,0.89
E01004606,0.95
E01004607,0.93
E01004608,0.88
E01004609,0.92
E01004610,0.87
E01004611,0.88
E01004612,0.86
E01004613,0.84
E01004614,0.85
E01004615,0.81
E01004616,0.89
E01004617,0.88
E01004618,0.9
E01004619,0.94
E01004620,0.92
E01004621,0.91
E01004622,0.79
E01004623,0.92
E01004624,0.88
E01004625,0.93
E01004626,0.91
E01004627,0.91
E01004628,0.79
E01004629,0.88
E01004630,0.84
E01004631,0.87
E01004632,0.9
E01004633,0.83
E01004634,0.88
E01004635,0.88
E01004636,0.88
E01004637,0.87
E01004638,0.9
E01004639,0.9
E01004640,0.91
E01004641,0.85
E01004642,0.85
E01004643,0.86
E01004644,0.87
E01004645,0.82
E01033098,0.95
E01033099,0.92
E01033100,0.87
E01033132,0.92
E01033133,0.9
E01033135,0.94
E01035488,0.94
E01035489,0.93
E01035490,0.92
E01035491,0.95
E01035492,0.96
E01035493,0.9
E01035494,0.94
E01035495,0.83
E01035496,0.9
E01035497,0.9
E01035498,0.94
E01035499,0.82
E01004646,0.89
E01004647,0.85
E01004648,0.91
E01004649,0.9
E01004650,0.91
E01004651,0.9
E01004652,0.84
E01004653,0.92
E01004654,0.91
E01004656,0.86
E01004657,0.94
E01004658,0.91
E01004659,0.91
E01004660,0.91
E01004661,0.87
E01004662,0.9
E01004663,0.87
E01004665,0.76
E01004668,0.85
E01004669,0.81
E01004670,0.72
E01004674,0.78
E01004675,0.81
E01004676,0.87
E01004677,0.83
E01004678,0.84
E01004679,0.79
E01004680,0.88
E01004681,0.88
E01004682,0.9
E01004683,0.92
E01004684,0.86
E01004686,0.86
E01004687,0.94
E01004690,0.94
E01004691,0.94
E01004692,0.91
E01004693,0.91
E01004694,0.91
E01004695,0.9
E01004696,0.77
E01004697,0.89
E01004698,0.86
E01004699,0.9
E01004700,0.91
E01004701,0.9
E01004702,0.75
E01004703,0.9
E01004705,0.92
E01004706,0.91
E01004707,0.94
E01004708,0.83
E01004709,0.83
E01004710,0.83
E01004711,0.83
E01004712,0.88
E01004713,0.93
E01004714,0.92
E01004715,0.85
E01004716,0.92
E01004717,0.91
E01004718,0.81
E01004719,0.79
E01004720,0.81
E01004721,0.77
E01004722,0.8
E01004723,0.83
E01004724,0.9
E01004725,0.85
E01004726,0.9
E01004727,0.92
E01004728,0.82
E01004729,0.76
E01004730,0.89
E01004731,0.92
E01004732,0.7
E01004733,0.91
E01004734,0.83
E01004735,0.87
E01004736,0.93
E01004737,0.81
E01004740,0.74
E01004741,0.85
E01004742,0.89
E01004743,0.83
E01004744,0.81
E01004746,0.78
E01004747,0.84
E01004748,0.91
E01004749,0.91
E01004750,0.81
E01004751,0.78
E01004752,0.81
E01004753,0.83
E01004754,0.74
E01004755,0.84
E01004756,0.85
E01004757,0.81
E01004760,0.84
E01004761,0.9
E01004762,0.83
E01004763,0.86
E01004765,0.87
E01032512,0.79
E01032513,0.79
E01033593,0.89
E01033594,0.84
E01033597,0.82
E01033598,0.74
E01033599,0.83
E01033601,0.75
E01033602,0.77
E01033603,0.82
E01033604,0.79
E01033605,0.78
E01035715,0.86
E01035716,0.84
E01035717,0.86
E01035718,0.94
E01035719,0.88
E01035720,0.88
E01035721,0.83
E01035722,0.87
